gitleaks-after.json|-----BEGIN RSA PRIVATE KEY-----\\\\\\\\nMB8CAQACAgPBAgMBAAECAgMFAgEfAgEfAgEXAgEXAgEA\\\\\\\\n-----END RSA PRIVATE KEY-----
gitleaks-after.json|-----BEGIN RSA PRIVATE KEY-----\\\\\\\\nMB8CAQACAgPBAgMBAAECAgMFAgEfAgEfAgEXAgEXAgEA\\\\\\\\n-----END RSA PRIVATE KEY-----
gitleaks-after.json|-----BEGIN RSA PRIVATE KEY-----\\\\\\\\nMB8CAQACAgPBAgMBAAECAgMFAgEfAgEfAgEXAgEXAgEA\\\\\\\\n-----END RSA PRIVATE KEY-----
gitleaks-after.json|-----BEGIN RSA PRIVATE KEY-----\\\\\\\\nMB8CAQACAgPBAgMBAAECAgMFAgEfAgEfAgEXAgEXAgEA\\\\\\\\n-----END RSA PRIVATE KEY-----
gitleaks-after.json|-----BEGIN PRIVATE KEY-----\\\\nMIIEvQIBADANBgkqhkiG9w0BAQEFAASCBKcwggSjAgEAAoIBAQCYhlD7QVSExM/t\\\\nqtFuJh5tJVMInFMNdoYVTFC+1uEMJnaNfSgvI1fpBSbhBc9Dirg76RNh1uUbX/fm\\\\ntpanZ2TULkh4e7MqOI4gIyrsyxT5ouRGYFEdXMGGLBfffwTC8e6ndoKyRq6hF1PO\\\\nUOgcSAEh5UalRsftfLNpmDJNjIKKkfRoHovyVhwi5QBaD7VjTdDR1ip0CSA1Xn5l\\\\nMxHc3mLnshAqaLu4aDcyFE8z70IyhwUcRYkYniZG6HlbaTyOL/tDCmVCjt3rvMGh\\\\nTzAOhxdB5UKzV/9gC4rpKgaK2BSh+e5FT9UMEgXmRQXuxKMuCb5iF5l326LgYwtX\\\\ntsqrc6ePAgMBAAECggEAQA2kQ6gfePR4R9zFQAdVHsweb07LGCvOynH2tPZjo2kh\\\\nv3Cwp/8lQ5As0DJS5RAEJ/DNeXi4VYM7hhHm+d2TfAIF4Ec+qjv+/+MU+0WcBOxS\\\\nBnYbioOyKAkra2oZ006rxXshDwJdAvzbbpkOqRXaF+SEAxPTEVqds/o9IdEg31Uf\\\\nOS/ZjH2XbtsVOTMbXB21RrgthdjYbcqZzVRD8gClOgo7i6nskZGZRFbmb96qBpCX\\\\nhkpRLEQJbOhmCHqkGStInjS41PIfzjYu5JjfDaFJQqnOpwWcmhj8SNej1ocEpTcU\\\\n7xH+M/tyW1v88qFZiPm8St7bSL9HqWz4S/bNBwlyuQKBgQDJgcPPDLCI8woSexAG\\\\nI4sHxaGGl4mmGlH321HEHNcQft2JWBBpXGqi+F8VsG7wUsGHdRiM6bqseg3b7szr\\\\niodeyl6WL/4nrQdZP/5RCARgNCIP9scKWGSlPkBh60xKD4+g0p1hL6kCrzB8SXYr\\\\nNnIlMWcw8uV/D4eYb9qGtY1O1wKBgQDBxYiSyT0eum2yTnIva+CORIRoRpsXK0/y\\\\nStC/ydYPI7Ozb+rB5ep+b/F7UuQJjY8o+TPKGmxh608Do62sHDAPtR948aNxV1M5\\\\nmIIoiPciJsc32D2Gv+UVUhpTSO1ncaJ8mumngfdC+CSosDWxTZiGq4JU+ww+5402\\\\nR34gEVDuCQKBgE2Vgd+pQhsogFtHOI80hiYy6JMaq2vhvGeS8PNyKzf1sLRdzMvU\\\\nQlaHDI0cRkqPgmX2JsKyhyY7RDTGx+10g9RyVGK9Db0W+LpbUj6+uHiV+ftth4sr\\\\nJ20b/8vzvYbSYPmJvgCaShd3flKMMkxHBUHeuJ13F/eI8is1/cxaAJM3AoGBAJHq\\\\nNREL9zmXe5mE1xl8q8mWMPrxCELnO7mhuxZhYA9gfCbIRUij4PQ7SeXrIotLDR32\\\\nopgzU6Bc+NAtxk9PnqWFZ+DEXaaw8pvxizoJAci22Nflv1ckU9a9T9OdnCCEgq5A\\\\nXWjlRpQoljptDtGoNA5dQrTJo4wPA9h297QgNgg5AoGAOlKZuC4Fa4RWaltvgLrQ\\\\n6twylZTGVSm/njtK/FYdTen1wmNG6rDhkBkOMJnQKwgtjQHke9XxOpqLZTePLNs6\\\\nm+HAlDNOZe7ryiuK7dj04wY2qoO/kCsxO9bR1M8LGRWFIHd4e8ExGWn5Qxk0/9X+\\\\n8/teeCoaDHNy7R6167uxyX8=\\\\n-----END PRIVATE KEY-----
gitleaks-after.json|-----BEGIN PRIVATE KEY-----\\\\nMIIEvQIBADANBgkqhkiG9w0BAQEFAASCBKcwggSjAgEAAoIBAQCYhlD7QVSExM/t\\\\nqtFuJh5tJVMInFMNdoYVTFC+1uEMJnaNfSgvI1fpBSbhBc9Dirg76RNh1uUbX/fm\\\\ntpanZ2TULkh4e7MqOI4gIyrsyxT5ouRGYFEdXMGGLBfffwTC8e6ndoKyRq6hF1PO\\\\nUOgcSAEh5UalRsftfLNpmDJNjIKKkfRoHovyVhwi5QBaD7VjTdDR1ip0CSA1Xn5l\\\\nMxHc3mLnshAqaLu4aDcyFE8z70IyhwUcRYkYniZG6HlbaTyOL/tDCmVCjt3rvMGh\\\\nTzAOhxdB5UKzV/9gC4rpKgaK2BSh+e5FT9UMEgXmRQXuxKMuCb5iF5l326LgYwtX\\\\ntsqrc6ePAgMBAAECggEAQA2kQ6gfePR4R9zFQAdVHsweb07LGCvOynH2tPZjo2kh\\\\nv3Cwp/8lQ5As0DJS5RAEJ/DNeXi4VYM7hhHm+d2TfAIF4Ec+qjv+/+MU+0WcBOxS\\\\nBnYbioOyKAkra2oZ006rxXshDwJdAvzbbpkOqRXaF+SEAxPTEVqds/o9IdEg31Uf\\\\nOS/ZjH2XbtsVOTMbXB21RrgthdjYbcqZzVRD8gClOgo7i6nskZGZRFbmb96qBpCX\\\\nhkpRLEQJbOhmCHqkGStInjS41PIfzjYu5JjfDaFJQqnOpwWcmhj8SNej1ocEpTcU\\\\n7xH+M/tyW1v88qFZiPm8St7bSL9HqWz4S/bNBwlyuQKBgQDJgcPPDLCI8woSexAG\\\\nI4sHxaGGl4mmGlH321HEHNcQft2JWBBpXGqi+F8VsG7wUsGHdRiM6bqseg3b7szr\\\\niodeyl6WL/4nrQdZP/5RCARgNCIP9scKWGSlPkBh60xKD4+g0p1hL6kCrzB8SXYr\\\\nNnIlMWcw8uV/D4eYb9qGtY1O1wKBgQDBxYiSyT0eum2yTnIva+CORIRoRpsXK0/y\\\\nStC/ydYPI7Ozb+rB5ep+b/F7UuQJjY8o+TPKGmxh608Do62sHDAPtR948aNxV1M5\\\\nmIIoiPciJsc32D2Gv+UVUhpTSO1ncaJ8mumngfdC+CSosDWxTZiGq4JU+ww+5402\\\\nR34gEVDuCQKBgE2Vgd+pQhsogFtHOI80hiYy6JMaq2vhvGeS8PNyKzf1sLRdzMvU\\\\nQlaHDI0cRkqPgmX2JsKyhyY7RDTGx+10g9RyVGK9Db0W+LpbUj6+uHiV+ftth4sr\\\\nJ20b/8vzvYbSYPmJvgCaShd3flKMMkxHBUHeuJ13F/eI8is1/cxaAJM3AoGBAJHq\\\\nNREL9zmXe5mE1xl8q8mWMPrxCELnO7mhuxZhYA9gfCbIRUij4PQ7SeXrIotLDR32\\\\nopgzU6Bc+NAtxk9PnqWFZ+DEXaaw8pvxizoJAci22Nflv1ckU9a9T9OdnCCEgq5A\\\\nXWjlRpQoljptDtGoNA5dQrTJo4wPA9h297QgNgg5AoGAOlKZuC4Fa4RWaltvgLrQ\\\\n6twylZTGVSm/njtK/FYdTen1wmNG6rDhkBkOMJnQKwgtjQHke9XxOpqLZTePLNs6\\\\nm+HAlDNOZe7ryiuK7dj04wY2qoO/kCsxO9bR1M8LGRWFIHd4e8ExGWn5Qxk0/9X+\\\\n8/teeCoaDHNy7R6167uxyX8=\\\\n-----END PRIVATE KEY-----
gitleaks-after.json|-----BEGIN PRIVATE KEY-----\\\\nMIIEvQIBADANBgkqhkiG9w0BAQEFAASCBKcwggSjAgEAAoIBAQCYhlD7QVSExM/t\\\\nqtFuJh5tJVMInFMNdoYVTFC+1uEMJnaNfSgvI1fpBSbhBc9Dirg76RNh1uUbX/fm\\\\ntpanZ2TULkh4e7MqOI4gIyrsyxT5ouRGYFEdXMGGLBfffwTC8e6ndoKyRq6hF1PO\\\\nUOgcSAEh5UalRsftfLNpmDJNjIKKkfRoHovyVhwi5QBaD7VjTdDR1ip0CSA1Xn5l\\\\nMxHc3mLnshAqaLu4aDcyFE8z70IyhwUcRYkYniZG6HlbaTyOL/tDCmVCjt3rvMGh\\\\nTzAOhxdB5UKzV/9gC4rpKgaK2BSh+e5FT9UMEgXmRQXuxKMuCb5iF5l326LgYwtX\\\\ntsqrc6ePAgMBAAECggEAQA2kQ6gfePR4R9zFQAdVHsweb07LGCvOynH2tPZjo2kh\\\\nv3Cwp/8lQ5As0DJS5RAEJ/DNeXi4VYM7hhHm+d2TfAIF4Ec+qjv+/+MU+0WcBOxS\\\\nBnYbioOyKAkra2oZ006rxXshDwJdAvzbbpkOqRXaF+SEAxPTEVqds/o9IdEg31Uf\\\\nOS/ZjH2XbtsVOTMbXB21RrgthdjYbcqZzVRD8gClOgo7i6nskZGZRFbmb96qBpCX\\\\nhkpRLEQJbOhmCHqkGStInjS41PIfzjYu5JjfDaFJQqnOpwWcmhj8SNej1ocEpTcU\\\\n7xH+M/tyW1v88qFZiPm8St7bSL9HqWz4S/bNBwlyuQKBgQDJgcPPDLCI8woSexAG\\\\nI4sHxaGGl4mmGlH321HEHNcQft2JWBBpXGqi+F8VsG7wUsGHdRiM6bqseg3b7szr\\\\niodeyl6WL/4nrQdZP/5RCARgNCIP9scKWGSlPkBh60xKD4+g0p1hL6kCrzB8SXYr\\\\nNnIlMWcw8uV/D4eYb9qGtY1O1wKBgQDBxYiSyT0eum2yTnIva+CORIRoRpsXK0/y\\\\nStC/ydYPI7Ozb+rB5ep+b/F7UuQJjY8o+TPKGmxh608Do62sHDAPtR948aNxV1M5\\\\nmIIoiPciJsc32D2Gv+UVUhpTSO1ncaJ8mumngfdC+CSosDWxTZiGq4JU+ww+5402\\\\nR34gEVDuCQKBgE2Vgd+pQhsogFtHOI80hiYy6JMaq2vhvGeS8PNyKzf1sLRdzMvU\\\\nQlaHDI0cRkqPgmX2JsKyhyY7RDTGx+10g9RyVGK9Db0W+LpbUj6+uHiV+ftth4sr\\\\nJ20b/8vzvYbSYPmJvgCaShd3flKMMkxHBUHeuJ13F/eI8is1/cxaAJM3AoGBAJHq\\\\nNREL9zmXe5mE1xl8q8mWMPrxCELnO7mhuxZhYA9gfCbIRUij4PQ7SeXrIotLDR32\\\\nopgzU6Bc+NAtxk9PnqWFZ+DEXaaw8pvxizoJAci22Nflv1ckU9a9T9OdnCCEgq5A\\\\nXWjlRpQoljptDtGoNA5dQrTJo4wPA9h297QgNgg5AoGAOlKZuC4Fa4RWaltvgLrQ\\\\n6twylZTGVSm/njtK/FYdTen1wmNG6rDhkBkOMJnQKwgtjQHke9XxOpqLZTePLNs6\\\\nm+HAlDNOZe7ryiuK7dj04wY2qoO/kCsxO9bR1M8LGRWFIHd4e8ExGWn5Qxk0/9X+\\\\n8/teeCoaDHNy7R6167uxyX8=\\\\n-----END PRIVATE KEY-----
gitleaks-after.json|-----BEGIN PRIVATE KEY-----\\\\nMIIEvQIBADANBgkqhkiG9w0BAQEFAASCBKcwggSjAgEAAoIBAQCYhlD7QVSExM/t\\\\nqtFuJh5tJVMInFMNdoYVTFC+1uEMJnaNfSgvI1fpBSbhBc9Dirg76RNh1uUbX/fm\\\\ntpanZ2TULkh4e7MqOI4gIyrsyxT5ouRGYFEdXMGGLBfffwTC8e6ndoKyRq6hF1PO\\\\nUOgcSAEh5UalRsftfLNpmDJNjIKKkfRoHovyVhwi5QBaD7VjTdDR1ip0CSA1Xn5l\\\\nMxHc3mLnshAqaLu4aDcyFE8z70IyhwUcRYkYniZG6HlbaTyOL/tDCmVCjt3rvMGh\\\\nTzAOhxdB5UKzV/9gC4rpKgaK2BSh+e5FT9UMEgXmRQXuxKMuCb5iF5l326LgYwtX\\\\ntsqrc6ePAgMBAAECggEAQA2kQ6gfePR4R9zFQAdVHsweb07LGCvOynH2tPZjo2kh\\\\nv3Cwp/8lQ5As0DJS5RAEJ/DNeXi4VYM7hhHm+d2TfAIF4Ec+qjv+/+MU+0WcBOxS\\\\nBnYbioOyKAkra2oZ006rxXshDwJdAvzbbpkOqRXaF+SEAxPTEVqds/o9IdEg31Uf\\\\nOS/ZjH2XbtsVOTMbXB21RrgthdjYbcqZzVRD8gClOgo7i6nskZGZRFbmb96qBpCX\\\\nhkpRLEQJbOhmCHqkGStInjS41PIfzjYu5JjfDaFJQqnOpwWcmhj8SNej1ocEpTcU\\\\n7xH+M/tyW1v88qFZiPm8St7bSL9HqWz4S/bNBwlyuQKBgQDJgcPPDLCI8woSexAG\\\\nI4sHxaGGl4mmGlH321HEHNcQft2JWBBpXGqi+F8VsG7wUsGHdRiM6bqseg3b7szr\\\\niodeyl6WL/4nrQdZP/5RCARgNCIP9scKWGSlPkBh60xKD4+g0p1hL6kCrzB8SXYr\\\\nNnIlMWcw8uV/D4eYb9qGtY1O1wKBgQDBxYiSyT0eum2yTnIva+CORIRoRpsXK0/y\\\\nStC/ydYPI7Ozb+rB5ep+b/F7UuQJjY8o+TPKGmxh608Do62sHDAPtR948aNxV1M5\\\\nmIIoiPciJsc32D2Gv+UVUhpTSO1ncaJ8mumngfdC+CSosDWxTZiGq4JU+ww+5402\\\\nR34gEVDuCQKBgE2Vgd+pQhsogFtHOI80hiYy6JMaq2vhvGeS8PNyKzf1sLRdzMvU\\\\nQlaHDI0cRkqPgmX2JsKyhyY7RDTGx+10g9RyVGK9Db0W+LpbUj6+uHiV+ftth4sr\\\\nJ20b/8vzvYbSYPmJvgCaShd3flKMMkxHBUHeuJ13F/eI8is1/cxaAJM3AoGBAJHq\\\\nNREL9zmXe5mE1xl8q8mWMPrxCELnO7mhuxZhYA9gfCbIRUij4PQ7SeXrIotLDR32\\\\nopgzU6Bc+NAtxk9PnqWFZ+DEXaaw8pvxizoJAci22Nflv1ckU9a9T9OdnCCEgq5A\\\\nXWjlRpQoljptDtGoNA5dQrTJo4wPA9h297QgNgg5AoGAOlKZuC4Fa4RWaltvgLrQ\\\\n6twylZTGVSm/njtK/FYdTen1wmNG6rDhkBkOMJnQKwgtjQHke9XxOpqLZTePLNs6\\\\nm+HAlDNOZe7ryiuK7dj04wY2qoO/kCsxO9bR1M8LGRWFIHd4e8ExGWn5Qxk0/9X+\\\\n8/teeCoaDHNy7R6167uxyX8=\\\\n-----END PRIVATE KEY-----
gitleaks-after.json|-----BEGIN RSA PRIVATE KEY-----\\\\\\\\nMIICWwIBAAKBgQCea7oriNoFgxnY/JgFDpNRlxLMVIapfoMQTCJMWkH9pDYoAq/8GF6q0yTd\\\\\\\\nn5+AS7TGasCjgNGW6miEbBDBaQy8hS8hWqhaRKY6Sy8/11KyAC8y5cs+QW4dFY2JvnXO6UpE\\\\\\\\nFaTtHR7oAtTSZJ9D9i/FN+2wAoO/4193Leoqqw1dJwIDAQABAoGAeqejo5M4Yi4n9AVV2gx3\\\\\\\\n6SLTrhn/jPljllmr8HutPilGuOGjycZAfXguwdyVjKqQ01LRxYW2QGdK9sQIkQa5kXjzTtLa\\\\\\\\ndtHYcplk0rTTsdjbvZ31AKNTNYn5s+PhGGb0Gc9n8co18K75ol8VPG8lpXjUUCWsb2xcV7wA\\\\\\\\nQuHkOukCQQD7TluL8I4tHXzREIW3OZeLTyRlPEIn5cDdPPEIHrAIu4WJ50zAbkMH7W4HBmWf\\\\\\\\ntafxSgWcRsdMIZn//wZV3goLAkEAoWE6/LgKgowSouIjbRdekw7QPZMvN2LUV0a0GZHpSA2K\\\\\\\\nzzyvOsW1dU9EO+WhCpdfoikuxWiPtN+byAe2sbBG1QJALuKgm8wmim488jhV6ig5iMkcLjL+\\\\\\\\n2Li5sc0D3xLynr51nJPlsuUfZmQ6qd7cqN5YVeEMiOp/lkmSlLs8sFp7nwJAKEkFWKD4vq4I\\\\\\\\n2PBqt4jl6v//q99aIhFhwIe93cQ23+3BgQo9FAbWzXoEJo+kK+itzuVI766ycQyA7uY+DQ1c\\\\\\\\nIQJAER3D4lsY5wnE+01eqk8NfF7TO+u4ezWs/rmNyn3hapskgV0xqn+FanXeVJ5K7B3AzabR\\\\\\\\na4/tLo88gWEfcow6WQ==\\\\\\\\n-----END RSA PRIVATE KEY-----
gitleaks-after.json|-----BEGIN RSA PRIVATE KEY-----\\\\\\\\nMIICWwIBAAKBgQCea7oriNoFgxnY/JgFDpNRlxLMVIapfoMQTCJMWkH9pDYoAq/8GF6q0yTd\\\\\\\\nn5+AS7TGasCjgNGW6miEbBDBaQy8hS8hWqhaRKY6Sy8/11KyAC8y5cs+QW4dFY2JvnXO6UpE\\\\\\\\nFaTtHR7oAtTSZJ9D9i/FN+2wAoO/4193Leoqqw1dJwIDAQABAoGAeqejo5M4Yi4n9AVV2gx3\\\\\\\\n6SLTrhn/jPljllmr8HutPilGuOGjycZAfXguwdyVjKqQ01LRxYW2QGdK9sQIkQa5kXjzTtLa\\\\\\\\ndtHYcplk0rTTsdjbvZ31AKNTNYn5s+PhGGb0Gc9n8co18K75ol8VPG8lpXjUUCWsb2xcV7wA\\\\\\\\nQuHkOukCQQD7TluL8I4tHXzREIW3OZeLTyRlPEIn5cDdPPEIHrAIu4WJ50zAbkMH7W4HBmWf\\\\\\\\ntafxSgWcRsdMIZn//wZV3goLAkEAoWE6/LgKgowSouIjbRdekw7QPZMvN2LUV0a0GZHpSA2K\\\\\\\\nzzyvOsW1dU9EO+WhCpdfoikuxWiPtN+byAe2sbBG1QJALuKgm8wmim488jhV6ig5iMkcLjL+\\\\\\\\n2Li5sc0D3xLynr51nJPlsuUfZmQ6qd7cqN5YVeEMiOp/lkmSlLs8sFp7nwJAKEkFWKD4vq4I\\\\\\\\n2PBqt4jl6v//q99aIhFhwIe93cQ23+3BgQo9FAbWzXoEJo+kK+itzuVI766ycQyA7uY+DQ1c\\\\\\\\nIQJAER3D4lsY5wnE+01eqk8NfF7TO+u4ezWs/rmNyn3hapskgV0xqn+FanXeVJ5K7B3AzabR\\\\\\\\na4/tLo88gWEfcow6WQ==\\\\\\\\n-----END RSA PRIVATE KEY-----
gitleaks-after.json|-----BEGIN RSA PRIVATE KEY-----\\\\\\\\nMIICWwIBAAKBgQCea7oriNoFgxnY/JgFDpNRlxLMVIapfoMQTCJMWkH9pDYoAq/8GF6q0yTd\\\\\\\\nn5+AS7TGasCjgNGW6miEbBDBaQy8hS8hWqhaRKY6Sy8/11KyAC8y5cs+QW4dFY2JvnXO6UpE\\\\\\\\nFaTtHR7oAtTSZJ9D9i/FN+2wAoO/4193Leoqqw1dJwIDAQABAoGAeqejo5M4Yi4n9AVV2gx3\\\\\\\\n6SLTrhn/jPljllmr8HutPilGuOGjycZAfXguwdyVjKqQ01LRxYW2QGdK9sQIkQa5kXjzTtLa\\\\\\\\ndtHYcplk0rTTsdjbvZ31AKNTNYn5s+PhGGb0Gc9n8co18K75ol8VPG8lpXjUUCWsb2xcV7wA\\\\\\\\nQuHkOukCQQD7TluL8I4tHXzREIW3OZeLTyRlPEIn5cDdPPEIHrAIu4WJ50zAbkMH7W4HBmWf\\\\\\\\ntafxSgWcRsdMIZn//wZV3goLAkEAoWE6/LgKgowSouIjbRdekw7QPZMvN2LUV0a0GZHpSA2K\\\\\\\\nzzyvOsW1dU9EO+WhCpdfoikuxWiPtN+byAe2sbBG1QJALuKgm8wmim488jhV6ig5iMkcLjL+\\\\\\\\n2Li5sc0D3xLynr51nJPlsuUfZmQ6qd7cqN5YVeEMiOp/lkmSlLs8sFp7nwJAKEkFWKD4vq4I\\\\\\\\n2PBqt4jl6v//q99aIhFhwIe93cQ23+3BgQo9FAbWzXoEJo+kK+itzuVI766ycQyA7uY+DQ1c\\\\\\\\nIQJAER3D4lsY5wnE+01eqk8NfF7TO+u4ezWs/rmNyn3hapskgV0xqn+FanXeVJ5K7B3AzabR\\\\\\\\na4/tLo88gWEfcow6WQ==\\\\\\\\n-----END RSA PRIVATE KEY-----
gitleaks-after.json|-----BEGIN RSA PRIVATE KEY-----\\\\\\\\nMIICWwIBAAKBgQCea7oriNoFgxnY/JgFDpNRlxLMVIapfoMQTCJMWkH9pDYoAq/8GF6q0yTd\\\\\\\\nn5+AS7TGasCjgNGW6miEbBDBaQy8hS8hWqhaRKY6Sy8/11KyAC8y5cs+QW4dFY2JvnXO6UpE\\\\\\\\nFaTtHR7oAtTSZJ9D9i/FN+2wAoO/4193Leoqqw1dJwIDAQABAoGAeqejo5M4Yi4n9AVV2gx3\\\\\\\\n6SLTrhn/jPljllmr8HutPilGuOGjycZAfXguwdyVjKqQ01LRxYW2QGdK9sQIkQa5kXjzTtLa\\\\\\\\ndtHYcplk0rTTsdjbvZ31AKNTNYn5s+PhGGb0Gc9n8co18K75ol8VPG8lpXjUUCWsb2xcV7wA\\\\\\\\nQuHkOukCQQD7TluL8I4tHXzREIW3OZeLTyRlPEIn5cDdPPEIHrAIu4WJ50zAbkMH7W4HBmWf\\\\\\\\ntafxSgWcRsdMIZn//wZV3goLAkEAoWE6/LgKgowSouIjbRdekw7QPZMvN2LUV0a0GZHpSA2K\\\\\\\\nzzyvOsW1dU9EO+WhCpdfoikuxWiPtN+byAe2sbBG1QJALuKgm8wmim488jhV6ig5iMkcLjL+\\\\\\\\n2Li5sc0D3xLynr51nJPlsuUfZmQ6qd7cqN5YVeEMiOp/lkmSlLs8sFp7nwJAKEkFWKD4vq4I\\\\\\\\n2PBqt4jl6v//q99aIhFhwIe93cQ23+3BgQo9FAbWzXoEJo+kK+itzuVI766ycQyA7uY+DQ1c\\\\\\\\nIQJAER3D4lsY5wnE+01eqk8NfF7TO+u4ezWs/rmNyn3hapskgV0xqn+FanXeVJ5K7B3AzabR\\\\\\\\na4/tLo88gWEfcow6WQ==\\\\\\\\n-----END RSA PRIVATE KEY-----
gitleaks-after.json|-----BEGIN RSA PRIVATE KEY-----\\\\\\\\nMIICXQIBAAKBgQC0AVH6MiGLG6VHugNmT6C03uBQjXrwpm7qZ4+xkcfhT05Vgg0naktT6I5a\\\\\\\\nOKmha7rsAY0KvmSQzMY0HEIjkOlGfxz2MK9LMySeZRGRSoY/9S/hdHyv0cOhQNW2W5zK9C1V\\\\\\\\nMwbF2RmNjij4cnzJj7qLaIMh4/MZ99ojEHy1IRJvrwIDAQABAoGAfMMtfqygczqGJGDZWmB2\\\\\\\\nkuansy1cuM+isPV2syzHzXKaaMnrNBaIf3AAuqfrauaweEPa7kdojLRh7Fxpux0FkZwMFEM+\\\\\\\\nNjA0Kf+v8zNU6FOm5WQc35qqPa7L30C2JgK7neOPTDGYqsykSQgjrWluwqy+6sxTV5eMf6in\\\\\\\\nDtAYGoECQQDtnwT5CqL7/iyYj0xUi8ZXMFMEW6/6ryjOSOcMu1MO/PTDhV1ioOFmhLtS1M6F\\\\\\\\n8BCvfZ+jrX6qZVC8Z7HVGM99AkEAwe176BjWH0lIqJBpAurmUSzz0fQSjbbTBR3ok2Gn6D7k\\\\\\\\nF5pjIzb0/ADQZUm4DmlLlnn4IiosDvGUcOZC6xc7mwJAYPw/rlo+DbY/g4ExeWyXZqzNpYC6\\\\\\\\nwgnOEOxGibbHft2WFVuQsxnRBeP1BSjgpmBGnyoaB1df1LKHkm6McdqvjQJBAJADqdmh4BmZ\\\\\\\\n1aCApctp4CJ2bJcFV2XwWGNbY6VXh1bcpYy1tVuoa2RdwmUFyu7A2UZlS5Urlk5+rwrspNNr\\\\\\\\nDHMCQQCLoFIpBGBz2h7Bwa5ksqNkpSuTBz3AiuvogGqwA0iu16U7HEDUlRC6vMYF1RZOj9SR\\\\\\\\nitm46XHTX1gMDE5cDo8Z\\\\\\\\n-----END RSA PRIVATE KEY-----
gitleaks-after.json|-----BEGIN RSA PRIVATE KEY-----\\\\\\\\nMIICXQIBAAKBgQC0AVH6MiGLG6VHugNmT6C03uBQjXrwpm7qZ4+xkcfhT05Vgg0naktT6I5a\\\\\\\\nOKmha7rsAY0KvmSQzMY0HEIjkOlGfxz2MK9LMySeZRGRSoY/9S/hdHyv0cOhQNW2W5zK9C1V\\\\\\\\nMwbF2RmNjij4cnzJj7qLaIMh4/MZ99ojEHy1IRJvrwIDAQABAoGAfMMtfqygczqGJGDZWmB2\\\\\\\\nkuansy1cuM+isPV2syzHzXKaaMnrNBaIf3AAuqfrauaweEPa7kdojLRh7Fxpux0FkZwMFEM+\\\\\\\\nNjA0Kf+v8zNU6FOm5WQc35qqPa7L30C2JgK7neOPTDGYqsykSQgjrWluwqy+6sxTV5eMf6in\\\\\\\\nDtAYGoECQQDtnwT5CqL7/iyYj0xUi8ZXMFMEW6/6ryjOSOcMu1MO/PTDhV1ioOFmhLtS1M6F\\\\\\\\n8BCvfZ+jrX6qZVC8Z7HVGM99AkEAwe176BjWH0lIqJBpAurmUSzz0fQSjbbTBR3ok2Gn6D7k\\\\\\\\nF5pjIzb0/ADQZUm4DmlLlnn4IiosDvGUcOZC6xc7mwJAYPw/rlo+DbY/g4ExeWyXZqzNpYC6\\\\\\\\nwgnOEOxGibbHft2WFVuQsxnRBeP1BSjgpmBGnyoaB1df1LKHkm6McdqvjQJBAJADqdmh4BmZ\\\\\\\\n1aCApctp4CJ2bJcFV2XwWGNbY6VXh1bcpYy1tVuoa2RdwmUFyu7A2UZlS5Urlk5+rwrspNNr\\\\\\\\nDHMCQQCLoFIpBGBz2h7Bwa5ksqNkpSuTBz3AiuvogGqwA0iu16U7HEDUlRC6vMYF1RZOj9SR\\\\\\\\nitm46XHTX1gMDE5cDo8Z\\\\\\\\n-----END RSA PRIVATE KEY-----
gitleaks-after.json|-----BEGIN RSA PRIVATE KEY-----\\\\\\\\nMIICXQIBAAKBgQC0AVH6MiGLG6VHugNmT6C03uBQjXrwpm7qZ4+xkcfhT05Vgg0naktT6I5a\\\\\\\\nOKmha7rsAY0KvmSQzMY0HEIjkOlGfxz2MK9LMySeZRGRSoY/9S/hdHyv0cOhQNW2W5zK9C1V\\\\\\\\nMwbF2RmNjij4cnzJj7qLaIMh4/MZ99ojEHy1IRJvrwIDAQABAoGAfMMtfqygczqGJGDZWmB2\\\\\\\\nkuansy1cuM+isPV2syzHzXKaaMnrNBaIf3AAuqfrauaweEPa7kdojLRh7Fxpux0FkZwMFEM+\\\\\\\\nNjA0Kf+v8zNU6FOm5WQc35qqPa7L30C2JgK7neOPTDGYqsykSQgjrWluwqy+6sxTV5eMf6in\\\\\\\\nDtAYGoECQQDtnwT5CqL7/iyYj0xUi8ZXMFMEW6/6ryjOSOcMu1MO/PTDhV1ioOFmhLtS1M6F\\\\\\\\n8BCvfZ+jrX6qZVC8Z7HVGM99AkEAwe176BjWH0lIqJBpAurmUSzz0fQSjbbTBR3ok2Gn6D7k\\\\\\\\nF5pjIzb0/ADQZUm4DmlLlnn4IiosDvGUcOZC6xc7mwJAYPw/rlo+DbY/g4ExeWyXZqzNpYC6\\\\\\\\nwgnOEOxGibbHft2WFVuQsxnRBeP1BSjgpmBGnyoaB1df1LKHkm6McdqvjQJBAJADqdmh4BmZ\\\\\\\\n1aCApctp4CJ2bJcFV2XwWGNbY6VXh1bcpYy1tVuoa2RdwmUFyu7A2UZlS5Urlk5+rwrspNNr\\\\\\\\nDHMCQQCLoFIpBGBz2h7Bwa5ksqNkpSuTBz3AiuvogGqwA0iu16U7HEDUlRC6vMYF1RZOj9SR\\\\\\\\nitm46XHTX1gMDE5cDo8Z\\\\\\\\n-----END RSA PRIVATE KEY-----
gitleaks-after.json|-----BEGIN RSA PRIVATE KEY-----\\\\\\\\nMIICXQIBAAKBgQC0AVH6MiGLG6VHugNmT6C03uBQjXrwpm7qZ4+xkcfhT05Vgg0naktT6I5a\\\\\\\\nOKmha7rsAY0KvmSQzMY0HEIjkOlGfxz2MK9LMySeZRGRSoY/9S/hdHyv0cOhQNW2W5zK9C1V\\\\\\\\nMwbF2RmNjij4cnzJj7qLaIMh4/MZ99ojEHy1IRJvrwIDAQABAoGAfMMtfqygczqGJGDZWmB2\\\\\\\\nkuansy1cuM+isPV2syzHzXKaaMnrNBaIf3AAuqfrauaweEPa7kdojLRh7Fxpux0FkZwMFEM+\\\\\\\\nNjA0Kf+v8zNU6FOm5WQc35qqPa7L30C2JgK7neOPTDGYqsykSQgjrWluwqy+6sxTV5eMf6in\\\\\\\\nDtAYGoECQQDtnwT5CqL7/iyYj0xUi8ZXMFMEW6/6ryjOSOcMu1MO/PTDhV1ioOFmhLtS1M6F\\\\\\\\n8BCvfZ+jrX6qZVC8Z7HVGM99AkEAwe176BjWH0lIqJBpAurmUSzz0fQSjbbTBR3ok2Gn6D7k\\\\\\\\nF5pjIzb0/ADQZUm4DmlLlnn4IiosDvGUcOZC6xc7mwJAYPw/rlo+DbY/g4ExeWyXZqzNpYC6\\\\\\\\nwgnOEOxGibbHft2WFVuQsxnRBeP1BSjgpmBGnyoaB1df1LKHkm6McdqvjQJBAJADqdmh4BmZ\\\\\\\\n1aCApctp4CJ2bJcFV2XwWGNbY6VXh1bcpYy1tVuoa2RdwmUFyu7A2UZlS5Urlk5+rwrspNNr\\\\\\\\nDHMCQQCLoFIpBGBz2h7Bwa5ksqNkpSuTBz3AiuvogGqwA0iu16U7HEDUlRC6vMYF1RZOj9SR\\\\\\\\nitm46XHTX1gMDE5cDo8Z\\\\\\\\n-----END RSA PRIVATE KEY-----
gitleaks-after.json|-----BEGIN RSA PRIVATE KEY-----\\\\\\\\nMIICXAIBAAKBgQCNhy8te+12Y/3ntT3ZdCGGBYa1fKeKAyY55lehqvaG64sbIVenCpwsp+bM\\\\\\\\nq4eLxA5rNnmQrDlsyaipry1NhVJiSaET2+NA5aXxkHXN4ReJ3GWQhmc9YpNVw7nXYYq3acve\\\\\\\\n/gFZzG1DaVhHTuX2MVxaTIoxxnn2W/MbqlOIwksbkwIDAQABAoGBAIfjuwrDKTg5vjtSrLY0\\\\\\\\naVPTzopHzF4ZtAR4BMA39UmKtCAynYTIDThbZqIyOI2ci/OpdIPSubiY0BdNGgSK9JPypZBv\\\\\\\\nTiXM7nqrjc+L3occhqhuF+hJco+sqev6nK1onABa6L7DFSDL9yVR2el3hsfuX2F84ebs/X6x\\\\\\\\nOx/8uR/BAkEA5sgJoV4h4XqpxmJzg6LTS6kzyhlwuDsOya7onAdfhADxwBdOhXGP1HQz+AtH\\\\\\\\nOWu8QvZtH2zAEzR7MGxynZd64wJBAJz+V3LvuLxOVZKQ75+CD6woKM4a8+LbmLH2dWNwzufU\\\\\\\\nR6KXYM0ZKAC/yAX8/3+Gtt2NnhWSnpt1gUtDx/nqS5ECQHkz57LjECIuXMm+3PHuatAavgNP\\\\\\\\nFx76jUqo3KtNSAG4yT5cPzXgLWyj1sNXkQF8LnRwnWDaqYmsj2IgIpXXf4cCQHABkhiBaVaH\\\\\\\\nuMuhtiQiIdZcrIgneJsAuxc01BmHMUb7D8Szpa+OZBjsuuNy1kKAtVSqJgAUJC6bjgxJppHq\\\\\\\\nE9ECQCW0SvxFaEARRN4QKAuGkzNGbj85g6uHVMUFgQpvrHFDzS7o5GV05Ctiz2qQgP5sgGI2\\\\\\\\nH1FCR34tMsqdKbJLdmE=\\\\\\\\n-----END RSA PRIVATE KEY-----
gitleaks-after.json|-----BEGIN RSA PRIVATE KEY-----\\\\\\\\nMIICXAIBAAKBgQCNhy8te+12Y/3ntT3ZdCGGBYa1fKeKAyY55lehqvaG64sbIVenCpwsp+bM\\\\\\\\nq4eLxA5rNnmQrDlsyaipry1NhVJiSaET2+NA5aXxkHXN4ReJ3GWQhmc9YpNVw7nXYYq3acve\\\\\\\\n/gFZzG1DaVhHTuX2MVxaTIoxxnn2W/MbqlOIwksbkwIDAQABAoGBAIfjuwrDKTg5vjtSrLY0\\\\\\\\naVPTzopHzF4ZtAR4BMA39UmKtCAynYTIDThbZqIyOI2ci/OpdIPSubiY0BdNGgSK9JPypZBv\\\\\\\\nTiXM7nqrjc+L3occhqhuF+hJco+sqev6nK1onABa6L7DFSDL9yVR2el3hsfuX2F84ebs/X6x\\\\\\\\nOx/8uR/BAkEA5sgJoV4h4XqpxmJzg6LTS6kzyhlwuDsOya7onAdfhADxwBdOhXGP1HQz+AtH\\\\\\\\nOWu8QvZtH2zAEzR7MGxynZd64wJBAJz+V3LvuLxOVZKQ75+CD6woKM4a8+LbmLH2dWNwzufU\\\\\\\\nR6KXYM0ZKAC/yAX8/3+Gtt2NnhWSnpt1gUtDx/nqS5ECQHkz57LjECIuXMm+3PHuatAavgNP\\\\\\\\nFx76jUqo3KtNSAG4yT5cPzXgLWyj1sNXkQF8LnRwnWDaqYmsj2IgIpXXf4cCQHABkhiBaVaH\\\\\\\\nuMuhtiQiIdZcrIgneJsAuxc01BmHMUb7D8Szpa+OZBjsuuNy1kKAtVSqJgAUJC6bjgxJppHq\\\\\\\\nE9ECQCW0SvxFaEARRN4QKAuGkzNGbj85g6uHVMUFgQpvrHFDzS7o5GV05Ctiz2qQgP5sgGI2\\\\\\\\nH1FCR34tMsqdKbJLdmE=\\\\\\\\n-----END RSA PRIVATE KEY-----
gitleaks-after.json|-----BEGIN RSA PRIVATE KEY-----\\\\\\\\nMIICXAIBAAKBgQCNhy8te+12Y/3ntT3ZdCGGBYa1fKeKAyY55lehqvaG64sbIVenCpwsp+bM\\\\\\\\nq4eLxA5rNnmQrDlsyaipry1NhVJiSaET2+NA5aXxkHXN4ReJ3GWQhmc9YpNVw7nXYYq3acve\\\\\\\\n/gFZzG1DaVhHTuX2MVxaTIoxxnn2W/MbqlOIwksbkwIDAQABAoGBAIfjuwrDKTg5vjtSrLY0\\\\\\\\naVPTzopHzF4ZtAR4BMA39UmKtCAynYTIDThbZqIyOI2ci/OpdIPSubiY0BdNGgSK9JPypZBv\\\\\\\\nTiXM7nqrjc+L3occhqhuF+hJco+sqev6nK1onABa6L7DFSDL9yVR2el3hsfuX2F84ebs/X6x\\\\\\\\nOx/8uR/BAkEA5sgJoV4h4XqpxmJzg6LTS6kzyhlwuDsOya7onAdfhADxwBdOhXGP1HQz+AtH\\\\\\\\nOWu8QvZtH2zAEzR7MGxynZd64wJBAJz+V3LvuLxOVZKQ75+CD6woKM4a8+LbmLH2dWNwzufU\\\\\\\\nR6KXYM0ZKAC/yAX8/3+Gtt2NnhWSnpt1gUtDx/nqS5ECQHkz57LjECIuXMm+3PHuatAavgNP\\\\\\\\nFx76jUqo3KtNSAG4yT5cPzXgLWyj1sNXkQF8LnRwnWDaqYmsj2IgIpXXf4cCQHABkhiBaVaH\\\\\\\\nuMuhtiQiIdZcrIgneJsAuxc01BmHMUb7D8Szpa+OZBjsuuNy1kKAtVSqJgAUJC6bjgxJppHq\\\\\\\\nE9ECQCW0SvxFaEARRN4QKAuGkzNGbj85g6uHVMUFgQpvrHFDzS7o5GV05Ctiz2qQgP5sgGI2\\\\\\\\nH1FCR34tMsqdKbJLdmE=\\\\\\\\n-----END RSA PRIVATE KEY-----
gitleaks-after.json|-----BEGIN RSA PRIVATE KEY-----\\\\\\\\nMIICXAIBAAKBgQCNhy8te+12Y/3ntT3ZdCGGBYa1fKeKAyY55lehqvaG64sbIVenCpwsp+bM\\\\\\\\nq4eLxA5rNnmQrDlsyaipry1NhVJiSaET2+NA5aXxkHXN4ReJ3GWQhmc9YpNVw7nXYYq3acve\\\\\\\\n/gFZzG1DaVhHTuX2MVxaTIoxxnn2W/MbqlOIwksbkwIDAQABAoGBAIfjuwrDKTg5vjtSrLY0\\\\\\\\naVPTzopHzF4ZtAR4BMA39UmKtCAynYTIDThbZqIyOI2ci/OpdIPSubiY0BdNGgSK9JPypZBv\\\\\\\\nTiXM7nqrjc+L3occhqhuF+hJco+sqev6nK1onABa6L7DFSDL9yVR2el3hsfuX2F84ebs/X6x\\\\\\\\nOx/8uR/BAkEA5sgJoV4h4XqpxmJzg6LTS6kzyhlwuDsOya7onAdfhADxwBdOhXGP1HQz+AtH\\\\\\\\nOWu8QvZtH2zAEzR7MGxynZd64wJBAJz+V3LvuLxOVZKQ75+CD6woKM4a8+LbmLH2dWNwzufU\\\\\\\\nR6KXYM0ZKAC/yAX8/3+Gtt2NnhWSnpt1gUtDx/nqS5ECQHkz57LjECIuXMm+3PHuatAavgNP\\\\\\\\nFx76jUqo3KtNSAG4yT5cPzXgLWyj1sNXkQF8LnRwnWDaqYmsj2IgIpXXf4cCQHABkhiBaVaH\\\\\\\\nuMuhtiQiIdZcrIgneJsAuxc01BmHMUb7D8Szpa+OZBjsuuNy1kKAtVSqJgAUJC6bjgxJppHq\\\\\\\\nE9ECQCW0SvxFaEARRN4QKAuGkzNGbj85g6uHVMUFgQpvrHFDzS7o5GV05Ctiz2qQgP5sgGI2\\\\\\\\nH1FCR34tMsqdKbJLdmE=\\\\\\\\n-----END RSA PRIVATE KEY-----
gitleaks-after.json|-----BEGIN RSA PRIVATE KEY-----\\\\\\\\nMIICXAIBAAKBgQC6q7KI9QolZg7jIUoCbchiZaBGJ/Y8LmvseBaBpEbUiGDE7WxNL2y1EAud\\\\\\\\nOLzJHZ4kP7x2OPbhLXgR5HfGnhzaWQeurjMh5XAi+VOBPoYGc0qbNZ7ZXKGCytZjqt5KerQo\\\\\\\\nGLbAD6YwJVmC4dGLF60YpMHtQrfe89/pTpTTB+oBzQIDAQABAoGAekDCj3Gz8GRTsar2lnqh\\\\\\\\ntteJzQiU+jsI0XigfM1C2iRrA+3edPpvPnHAuXoUIb70+BaJ7f9GqJinv0garYiVqcXRvpH+\\\\\\\\nKR+ZTVr5EygkUV8KkAcVWVW+OEKRSSz26uQFpw7SyvynegHM1vA89Mmp8oXSQNhn1+QR1u+w\\\\\\\\nOYjd6l0CQQD4z/xs4ns73tu1zu1+KrV6sDSaUgTeWHxFVMGuhuSx8VtH71fjPvgQCk1MTUTa\\\\\\\\nfxA6AZJB9Qa2/vc0ORPIlA5XAkEAwBApYO2fZKVRtjk6P2P/WfqkiBkrY4aDT5ixXdRoRAr1\\\\\\\\nG8badiUU02Qp+g3VDc/PuGjpqBuBIKmaAUPXGUMSewJAE/sn61qYyOsRu9z9R4eIgWzLHKV/\\\\\\\\njJeQi0TONQTSMtQOH43CAhbZdvhM0tbVs7JGjFH5++AAhQuesIvw4ce6CwJBAIcu2PEQT5BX\\\\\\\\njBvmS8kyaRi8AfKJRLDYjLQJlU2lo33A+KSEYl+l2fKwHZuTANKn4ly5+zwHn+uNdIhPZ6aw\\\\\\\\nPuECQFmGOpfgTpja1Ha1n0lLSZkwpCU7wFmFplaRQ4XLlXX30VF3ROgEGD0roMeN/AgeZeEw\\\\\\\\nHx5VgR/MWDP22H9nQcs=\\\\\\\\n-----END RSA PRIVATE KEY-----
gitleaks-after.json|-----BEGIN RSA PRIVATE KEY-----\\\\\\\\nMIICXAIBAAKBgQC6q7KI9QolZg7jIUoCbchiZaBGJ/Y8LmvseBaBpEbUiGDE7WxNL2y1EAud\\\\\\\\nOLzJHZ4kP7x2OPbhLXgR5HfGnhzaWQeurjMh5XAi+VOBPoYGc0qbNZ7ZXKGCytZjqt5KerQo\\\\\\\\nGLbAD6YwJVmC4dGLF60YpMHtQrfe89/pTpTTB+oBzQIDAQABAoGAekDCj3Gz8GRTsar2lnqh\\\\\\\\ntteJzQiU+jsI0XigfM1C2iRrA+3edPpvPnHAuXoUIb70+BaJ7f9GqJinv0garYiVqcXRvpH+\\\\\\\\nKR+ZTVr5EygkUV8KkAcVWVW+OEKRSSz26uQFpw7SyvynegHM1vA89Mmp8oXSQNhn1+QR1u+w\\\\\\\\nOYjd6l0CQQD4z/xs4ns73tu1zu1+KrV6sDSaUgTeWHxFVMGuhuSx8VtH71fjPvgQCk1MTUTa\\\\\\\\nfxA6AZJB9Qa2/vc0ORPIlA5XAkEAwBApYO2fZKVRtjk6P2P/WfqkiBkrY4aDT5ixXdRoRAr1\\\\\\\\nG8badiUU02Qp+g3VDc/PuGjpqBuBIKmaAUPXGUMSewJAE/sn61qYyOsRu9z9R4eIgWzLHKV/\\\\\\\\njJeQi0TONQTSMtQOH43CAhbZdvhM0tbVs7JGjFH5++AAhQuesIvw4ce6CwJBAIcu2PEQT5BX\\\\\\\\njBvmS8kyaRi8AfKJRLDYjLQJlU2lo33A+KSEYl+l2fKwHZuTANKn4ly5+zwHn+uNdIhPZ6aw\\\\\\\\nPuECQFmGOpfgTpja1Ha1n0lLSZkwpCU7wFmFplaRQ4XLlXX30VF3ROgEGD0roMeN/AgeZeEw\\\\\\\\nHx5VgR/MWDP22H9nQcs=\\\\\\\\n-----END RSA PRIVATE KEY-----
gitleaks-after.json|-----BEGIN RSA PRIVATE KEY-----\\\\\\\\nMIICXAIBAAKBgQC6q7KI9QolZg7jIUoCbchiZaBGJ/Y8LmvseBaBpEbUiGDE7WxNL2y1EAud\\\\\\\\nOLzJHZ4kP7x2OPbhLXgR5HfGnhzaWQeurjMh5XAi+VOBPoYGc0qbNZ7ZXKGCytZjqt5KerQo\\\\\\\\nGLbAD6YwJVmC4dGLF60YpMHtQrfe89/pTpTTB+oBzQIDAQABAoGAekDCj3Gz8GRTsar2lnqh\\\\\\\\ntteJzQiU+jsI0XigfM1C2iRrA+3edPpvPnHAuXoUIb70+BaJ7f9GqJinv0garYiVqcXRvpH+\\\\\\\\nKR+ZTVr5EygkUV8KkAcVWVW+OEKRSSz26uQFpw7SyvynegHM1vA89Mmp8oXSQNhn1+QR1u+w\\\\\\\\nOYjd6l0CQQD4z/xs4ns73tu1zu1+KrV6sDSaUgTeWHxFVMGuhuSx8VtH71fjPvgQCk1MTUTa\\\\\\\\nfxA6AZJB9Qa2/vc0ORPIlA5XAkEAwBApYO2fZKVRtjk6P2P/WfqkiBkrY4aDT5ixXdRoRAr1\\\\\\\\nG8badiUU02Qp+g3VDc/PuGjpqBuBIKmaAUPXGUMSewJAE/sn61qYyOsRu9z9R4eIgWzLHKV/\\\\\\\\njJeQi0TONQTSMtQOH43CAhbZdvhM0tbVs7JGjFH5++AAhQuesIvw4ce6CwJBAIcu2PEQT5BX\\\\\\\\njBvmS8kyaRi8AfKJRLDYjLQJlU2lo33A+KSEYl+l2fKwHZuTANKn4ly5+zwHn+uNdIhPZ6aw\\\\\\\\nPuECQFmGOpfgTpja1Ha1n0lLSZkwpCU7wFmFplaRQ4XLlXX30VF3ROgEGD0roMeN/AgeZeEw\\\\\\\\nHx5VgR/MWDP22H9nQcs=\\\\\\\\n-----END RSA PRIVATE KEY-----
gitleaks-after.json|-----BEGIN RSA PRIVATE KEY-----\\\\\\\\nMIICXAIBAAKBgQC6q7KI9QolZg7jIUoCbchiZaBGJ/Y8LmvseBaBpEbUiGDE7WxNL2y1EAud\\\\\\\\nOLzJHZ4kP7x2OPbhLXgR5HfGnhzaWQeurjMh5XAi+VOBPoYGc0qbNZ7ZXKGCytZjqt5KerQo\\\\\\\\nGLbAD6YwJVmC4dGLF60YpMHtQrfe89/pTpTTB+oBzQIDAQABAoGAekDCj3Gz8GRTsar2lnqh\\\\\\\\ntteJzQiU+jsI0XigfM1C2iRrA+3edPpvPnHAuXoUIb70+BaJ7f9GqJinv0garYiVqcXRvpH+\\\\\\\\nKR+ZTVr5EygkUV8KkAcVWVW+OEKRSSz26uQFpw7SyvynegHM1vA89Mmp8oXSQNhn1+QR1u+w\\\\\\\\nOYjd6l0CQQD4z/xs4ns73tu1zu1+KrV6sDSaUgTeWHxFVMGuhuSx8VtH71fjPvgQCk1MTUTa\\\\\\\\nfxA6AZJB9Qa2/vc0ORPIlA5XAkEAwBApYO2fZKVRtjk6P2P/WfqkiBkrY4aDT5ixXdRoRAr1\\\\\\\\nG8badiUU02Qp+g3VDc/PuGjpqBuBIKmaAUPXGUMSewJAE/sn61qYyOsRu9z9R4eIgWzLHKV/\\\\\\\\njJeQi0TONQTSMtQOH43CAhbZdvhM0tbVs7JGjFH5++AAhQuesIvw4ce6CwJBAIcu2PEQT5BX\\\\\\\\njBvmS8kyaRi8AfKJRLDYjLQJlU2lo33A+KSEYl+l2fKwHZuTANKn4ly5+zwHn+uNdIhPZ6aw\\\\\\\\nPuECQFmGOpfgTpja1Ha1n0lLSZkwpCU7wFmFplaRQ4XLlXX30VF3ROgEGD0roMeN/AgeZeEw\\\\\\\\nHx5VgR/MWDP22H9nQcs=\\\\\\\\n-----END RSA PRIVATE KEY-----
gitleaks-after.json|-----BEGIN RSA PRIVATE KEY-----\\\\\\\\nMIICXAIBAAKBgQCgBS0wzO7CkNCgxHVjCvPap5P4yS+8yF73VM+Wj/OkoEsJlAaT6QAojYsd\\\\\\\\nqV55c2fCsbaeBkWVrfygON/m1qINYU4vPuQzBGqJKkQe9o/nfJrDXbdQTIi49C6GgrEU33O1\\\\\\\\nwohJ12JJ1U4QyesgA8U/Ocz4vwjKFQQ34Cyh2kF17wIDAQABAoGAfTdvxFcookGVr6frv4Pr\\\\\\\\ni/dD+BLecxhMD7hi9ItSeUkhTq5xcz6JbDJOYPiOv/TJhfVwVDnOK7FJFMtMkaL0jMlim2AL\\\\\\\\nUDs6NBSd173vOQguuDJMpK6NrtwBFrZp+tjuTthSeBNQZM9TqtHvP0j5tB5KbvIdho9HxR8x\\\\\\\\nONfUTZECQQDrmvyFC9ctV8hLzH1aYYBtWqBs8l+mTA3XRHl+kGzmf5PjpD0KuaD5EetB6X2l\\\\\\\\nHOFUTimkvVR33L5EYlcqdovJAkEArd85FRgCWj0LFaiBWTcJ6yUywTjgjzjzzoGySSMhfa1+\\\\\\\\nMV7b4oQbtePE5mDIrnkthRlOruLzUjGudUQUQnlf9wJAdplYECk7sgmEPBO97icynNmH9A+1\\\\\\\\n8mJKfVhsyDcveoAyE99zEtkKnRZWFKHSq7D0BJosAE+GG6g05vuR4UA3cQJAFcHuObaEbNhg\\\\\\\\nr7gjX4+knRlNjaJZb3K4B6pxLffIdBqmxPTS3Tic4xj6hb2svzCIwrQVBYt+2VVAOIppYpwf\\\\\\\\npwJBALN/o5bBMBID9SBoEw16t0njWDlgfAcDzXPi71q/UqwJQjyZi41FCILMPQPEt0ZypzCX\\\\\\\\nJ6/9MoPzKWnewFlXkkw=\\\\\\\\n-----END RSA PRIVATE KEY-----
gitleaks-after.json|-----BEGIN RSA PRIVATE KEY-----\\\\\\\\nMIICXAIBAAKBgQCgBS0wzO7CkNCgxHVjCvPap5P4yS+8yF73VM+Wj/OkoEsJlAaT6QAojYsd\\\\\\\\nqV55c2fCsbaeBkWVrfygON/m1qINYU4vPuQzBGqJKkQe9o/nfJrDXbdQTIi49C6GgrEU33O1\\\\\\\\nwohJ12JJ1U4QyesgA8U/Ocz4vwjKFQQ34Cyh2kF17wIDAQABAoGAfTdvxFcookGVr6frv4Pr\\\\\\\\ni/dD+BLecxhMD7hi9ItSeUkhTq5xcz6JbDJOYPiOv/TJhfVwVDnOK7FJFMtMkaL0jMlim2AL\\\\\\\\nUDs6NBSd173vOQguuDJMpK6NrtwBFrZp+tjuTthSeBNQZM9TqtHvP0j5tB5KbvIdho9HxR8x\\\\\\\\nONfUTZECQQDrmvyFC9ctV8hLzH1aYYBtWqBs8l+mTA3XRHl+kGzmf5PjpD0KuaD5EetB6X2l\\\\\\\\nHOFUTimkvVR33L5EYlcqdovJAkEArd85FRgCWj0LFaiBWTcJ6yUywTjgjzjzzoGySSMhfa1+\\\\\\\\nMV7b4oQbtePE5mDIrnkthRlOruLzUjGudUQUQnlf9wJAdplYECk7sgmEPBO97icynNmH9A+1\\\\\\\\n8mJKfVhsyDcveoAyE99zEtkKnRZWFKHSq7D0BJosAE+GG6g05vuR4UA3cQJAFcHuObaEbNhg\\\\\\\\nr7gjX4+knRlNjaJZb3K4B6pxLffIdBqmxPTS3Tic4xj6hb2svzCIwrQVBYt+2VVAOIppYpwf\\\\\\\\npwJBALN/o5bBMBID9SBoEw16t0njWDlgfAcDzXPi71q/UqwJQjyZi41FCILMPQPEt0ZypzCX\\\\\\\\nJ6/9MoPzKWnewFlXkkw=\\\\\\\\n-----END RSA PRIVATE KEY-----
gitleaks-after.json|-----BEGIN RSA PRIVATE KEY-----\\\\\\\\nMIICXAIBAAKBgQCgBS0wzO7CkNCgxHVjCvPap5P4yS+8yF73VM+Wj/OkoEsJlAaT6QAojYsd\\\\\\\\nqV55c2fCsbaeBkWVrfygON/m1qINYU4vPuQzBGqJKkQe9o/nfJrDXbdQTIi49C6GgrEU33O1\\\\\\\\nwohJ12JJ1U4QyesgA8U/Ocz4vwjKFQQ34Cyh2kF17wIDAQABAoGAfTdvxFcookGVr6frv4Pr\\\\\\\\ni/dD+BLecxhMD7hi9ItSeUkhTq5xcz6JbDJOYPiOv/TJhfVwVDnOK7FJFMtMkaL0jMlim2AL\\\\\\\\nUDs6NBSd173vOQguuDJMpK6NrtwBFrZp+tjuTthSeBNQZM9TqtHvP0j5tB5KbvIdho9HxR8x\\\\\\\\nONfUTZECQQDrmvyFC9ctV8hLzH1aYYBtWqBs8l+mTA3XRHl+kGzmf5PjpD0KuaD5EetB6X2l\\\\\\\\nHOFUTimkvVR33L5EYlcqdovJAkEArd85FRgCWj0LFaiBWTcJ6yUywTjgjzjzzoGySSMhfa1+\\\\\\\\nMV7b4oQbtePE5mDIrnkthRlOruLzUjGudUQUQnlf9wJAdplYECk7sgmEPBO97icynNmH9A+1\\\\\\\\n8mJKfVhsyDcveoAyE99zEtkKnRZWFKHSq7D0BJosAE+GG6g05vuR4UA3cQJAFcHuObaEbNhg\\\\\\\\nr7gjX4+knRlNjaJZb3K4B6pxLffIdBqmxPTS3Tic4xj6hb2svzCIwrQVBYt+2VVAOIppYpwf\\\\\\\\npwJBALN/o5bBMBID9SBoEw16t0njWDlgfAcDzXPi71q/UqwJQjyZi41FCILMPQPEt0ZypzCX\\\\\\\\nJ6/9MoPzKWnewFlXkkw=\\\\\\\\n-----END RSA PRIVATE KEY-----
gitleaks-after.json|-----BEGIN RSA PRIVATE KEY-----\\\\\\\\nMIICXAIBAAKBgQCgBS0wzO7CkNCgxHVjCvPap5P4yS+8yF73VM+Wj/OkoEsJlAaT6QAojYsd\\\\\\\\nqV55c2fCsbaeBkWVrfygON/m1qINYU4vPuQzBGqJKkQe9o/nfJrDXbdQTIi49C6GgrEU33O1\\\\\\\\nwohJ12JJ1U4QyesgA8U/Ocz4vwjKFQQ34Cyh2kF17wIDAQABAoGAfTdvxFcookGVr6frv4Pr\\\\\\\\ni/dD+BLecxhMD7hi9ItSeUkhTq5xcz6JbDJOYPiOv/TJhfVwVDnOK7FJFMtMkaL0jMlim2AL\\\\\\\\nUDs6NBSd173vOQguuDJMpK6NrtwBFrZp+tjuTthSeBNQZM9TqtHvP0j5tB5KbvIdho9HxR8x\\\\\\\\nONfUTZECQQDrmvyFC9ctV8hLzH1aYYBtWqBs8l+mTA3XRHl+kGzmf5PjpD0KuaD5EetB6X2l\\\\\\\\nHOFUTimkvVR33L5EYlcqdovJAkEArd85FRgCWj0LFaiBWTcJ6yUywTjgjzjzzoGySSMhfa1+\\\\\\\\nMV7b4oQbtePE5mDIrnkthRlOruLzUjGudUQUQnlf9wJAdplYECk7sgmEPBO97icynNmH9A+1\\\\\\\\n8mJKfVhsyDcveoAyE99zEtkKnRZWFKHSq7D0BJosAE+GG6g05vuR4UA3cQJAFcHuObaEbNhg\\\\\\\\nr7gjX4+knRlNjaJZb3K4B6pxLffIdBqmxPTS3Tic4xj6hb2svzCIwrQVBYt+2VVAOIppYpwf\\\\\\\\npwJBALN/o5bBMBID9SBoEw16t0njWDlgfAcDzXPi71q/UqwJQjyZi41FCILMPQPEt0ZypzCX\\\\\\\\nJ6/9MoPzKWnewFlXkkw=\\\\\\\\n-----END RSA PRIVATE KEY-----
gitleaks-after.json|-----BEGIN RSA PRIVATE KEY-----\\\\\\\\nMIICXQIBAAKBgQDAfZ0qYa5r6riaE2IsDtfFY89zhsAKuEV+JBlCDiJkCF2LkPi8ctVzQkgH\\\\\\\\n6zt7vQCdGXjQsu/UDx3BEJ2jTEEyMbquIUimu/mvmlQvn0wLQY60gucwHpqsNs/la6RdtOvH\\\\\\\\nlQCYO2fhp94MAyCs+V+QhHwxRDT5VkT3JWhL2DQ3OQIDAQABAoGBAKGNC0nVn4jM/0+4su0d\\\\\\\\nK/RrV2GzFxwoGZLLgzNQH4brCm+nJUsr6X8JguC6iTrJnmk7Ro2JkATfBu7RHiw+RHwBEj7P\\\\\\\\nF5FBQ6lVUJGd0pGv3kRcVi5oO16aKz703BJYPn9TW+SZUrkmavc3Ae7WGAfnymMQCqonueIf\\\\\\\\npPNKXYI9AkEA8Z3lSfjJz05CWNtXtEiTBFdVoLhU8RXq9xcplmn4MpDjIesrGO8lNqoI82qn\\\\\\\\nfA4B85HXcn2C0/tEUd5AWArCnwJBAMvzEGPRkTH+5hJsGa07S6iFbTwLqo/SqfE/DlWbeFpb\\\\\\\\nV1iXJ9ObmWUM3v7R5Y+bHQLxuCLtDmGdVQtng9mOzycCQBf/M5+mKv0A68wBdPN95cQfnGyL\\\\\\\\nAjyzjZOe5E2BFtqG01gyECS407xbJOpwJFRI297CFGDVoGHHaeCrrz5PS0cCQFULRgpZmPIA\\\\\\\\nGHAWI57Y2vOqr6IaO0U90x+F67RG4CjNbd7DKRhUCeLZOyOG4vK++5n+sYnez+BketIGmDRg\\\\\\\\nGIECQQC8fQ98q9YSqsbd1NX4CvuDupUMQ3mkVRaLvIuR09kc/v07e+44WdBPzWa1n4lQPXa3\\\\\\\\nc3OMbyz1/ClLGokh+m2e\\\\\\\\n-----END RSA PRIVATE KEY-----
gitleaks-after.json|-----BEGIN RSA PRIVATE KEY-----\\\\\\\\nMIICXQIBAAKBgQDAfZ0qYa5r6riaE2IsDtfFY89zhsAKuEV+JBlCDiJkCF2LkPi8ctVzQkgH\\\\\\\\n6zt7vQCdGXjQsu/UDx3BEJ2jTEEyMbquIUimu/mvmlQvn0wLQY60gucwHpqsNs/la6RdtOvH\\\\\\\\nlQCYO2fhp94MAyCs+V+QhHwxRDT5VkT3JWhL2DQ3OQIDAQABAoGBAKGNC0nVn4jM/0+4su0d\\\\\\\\nK/RrV2GzFxwoGZLLgzNQH4brCm+nJUsr6X8JguC6iTrJnmk7Ro2JkATfBu7RHiw+RHwBEj7P\\\\\\\\nF5FBQ6lVUJGd0pGv3kRcVi5oO16aKz703BJYPn9TW+SZUrkmavc3Ae7WGAfnymMQCqonueIf\\\\\\\\npPNKXYI9AkEA8Z3lSfjJz05CWNtXtEiTBFdVoLhU8RXq9xcplmn4MpDjIesrGO8lNqoI82qn\\\\\\\\nfA4B85HXcn2C0/tEUd5AWArCnwJBAMvzEGPRkTH+5hJsGa07S6iFbTwLqo/SqfE/DlWbeFpb\\\\\\\\nV1iXJ9ObmWUM3v7R5Y+bHQLxuCLtDmGdVQtng9mOzycCQBf/M5+mKv0A68wBdPN95cQfnGyL\\\\\\\\nAjyzjZOe5E2BFtqG01gyECS407xbJOpwJFRI297CFGDVoGHHaeCrrz5PS0cCQFULRgpZmPIA\\\\\\\\nGHAWI57Y2vOqr6IaO0U90x+F67RG4CjNbd7DKRhUCeLZOyOG4vK++5n+sYnez+BketIGmDRg\\\\\\\\nGIECQQC8fQ98q9YSqsbd1NX4CvuDupUMQ3mkVRaLvIuR09kc/v07e+44WdBPzWa1n4lQPXa3\\\\\\\\nc3OMbyz1/ClLGokh+m2e\\\\\\\\n-----END RSA PRIVATE KEY-----
gitleaks-after.json|-----BEGIN RSA PRIVATE KEY-----\\\\\\\\nMIICXQIBAAKBgQDAfZ0qYa5r6riaE2IsDtfFY89zhsAKuEV+JBlCDiJkCF2LkPi8ctVzQkgH\\\\\\\\n6zt7vQCdGXjQsu/UDx3BEJ2jTEEyMbquIUimu/mvmlQvn0wLQY60gucwHpqsNs/la6RdtOvH\\\\\\\\nlQCYO2fhp94MAyCs+V+QhHwxRDT5VkT3JWhL2DQ3OQIDAQABAoGBAKGNC0nVn4jM/0+4su0d\\\\\\\\nK/RrV2GzFxwoGZLLgzNQH4brCm+nJUsr6X8JguC6iTrJnmk7Ro2JkATfBu7RHiw+RHwBEj7P\\\\\\\\nF5FBQ6lVUJGd0pGv3kRcVi5oO16aKz703BJYPn9TW+SZUrkmavc3Ae7WGAfnymMQCqonueIf\\\\\\\\npPNKXYI9AkEA8Z3lSfjJz05CWNtXtEiTBFdVoLhU8RXq9xcplmn4MpDjIesrGO8lNqoI82qn\\\\\\\\nfA4B85HXcn2C0/tEUd5AWArCnwJBAMvzEGPRkTH+5hJsGa07S6iFbTwLqo/SqfE/DlWbeFpb\\\\\\\\nV1iXJ9ObmWUM3v7R5Y+bHQLxuCLtDmGdVQtng9mOzycCQBf/M5+mKv0A68wBdPN95cQfnGyL\\\\\\\\nAjyzjZOe5E2BFtqG01gyECS407xbJOpwJFRI297CFGDVoGHHaeCrrz5PS0cCQFULRgpZmPIA\\\\\\\\nGHAWI57Y2vOqr6IaO0U90x+F67RG4CjNbd7DKRhUCeLZOyOG4vK++5n+sYnez+BketIGmDRg\\\\\\\\nGIECQQC8fQ98q9YSqsbd1NX4CvuDupUMQ3mkVRaLvIuR09kc/v07e+44WdBPzWa1n4lQPXa3\\\\\\\\nc3OMbyz1/ClLGokh+m2e\\\\\\\\n-----END RSA PRIVATE KEY-----
gitleaks-after.json|-----BEGIN RSA PRIVATE KEY-----\\\\\\\\nMIICXQIBAAKBgQDAfZ0qYa5r6riaE2IsDtfFY89zhsAKuEV+JBlCDiJkCF2LkPi8ctVzQkgH\\\\\\\\n6zt7vQCdGXjQsu/UDx3BEJ2jTEEyMbquIUimu/mvmlQvn0wLQY60gucwHpqsNs/la6RdtOvH\\\\\\\\nlQCYO2fhp94MAyCs+V+QhHwxRDT5VkT3JWhL2DQ3OQIDAQABAoGBAKGNC0nVn4jM/0+4su0d\\\\\\\\nK/RrV2GzFxwoGZLLgzNQH4brCm+nJUsr6X8JguC6iTrJnmk7Ro2JkATfBu7RHiw+RHwBEj7P\\\\\\\\nF5FBQ6lVUJGd0pGv3kRcVi5oO16aKz703BJYPn9TW+SZUrkmavc3Ae7WGAfnymMQCqonueIf\\\\\\\\npPNKXYI9AkEA8Z3lSfjJz05CWNtXtEiTBFdVoLhU8RXq9xcplmn4MpDjIesrGO8lNqoI82qn\\\\\\\\nfA4B85HXcn2C0/tEUd5AWArCnwJBAMvzEGPRkTH+5hJsGa07S6iFbTwLqo/SqfE/DlWbeFpb\\\\\\\\nV1iXJ9ObmWUM3v7R5Y+bHQLxuCLtDmGdVQtng9mOzycCQBf/M5+mKv0A68wBdPN95cQfnGyL\\\\\\\\nAjyzjZOe5E2BFtqG01gyECS407xbJOpwJFRI297CFGDVoGHHaeCrrz5PS0cCQFULRgpZmPIA\\\\\\\\nGHAWI57Y2vOqr6IaO0U90x+F67RG4CjNbd7DKRhUCeLZOyOG4vK++5n+sYnez+BketIGmDRg\\\\\\\\nGIECQQC8fQ98q9YSqsbd1NX4CvuDupUMQ3mkVRaLvIuR09kc/v07e+44WdBPzWa1n4lQPXa3\\\\\\\\nc3OMbyz1/ClLGokh+m2e\\\\\\\\n-----END RSA PRIVATE KEY-----
gitleaks-after.json|-----BEGIN RSA PRIVATE KEY-----\\\\\\\\nMIICWwIBAAKBgQCea7oriNoFgxnY/JgFDpNRlxLMVIapfoMQTCJMWkH9pDYoAq/8GF6q0yTd\\\\\\\\nn5+AS7TGasCjgNGW6miEbBDBaQy8hS8hWqhaRKY6Sy8/11KyAC8y5cs+QW4dFY2JvnXO6UpE\\\\\\\\nFaTtHR7oAtTSZJ9D9i/FN+2wAoO/4193Leoqqw1dJwIDAQABAoGAeqejo5M4Yi4n9AVV2gx3\\\\\\\\n6SLTrhn/jPljllmr8HutPilGuOGjycZAfXguwdyVjKqQ01LRxYW2QGdK9sQIkQa5kXjzTtLa\\\\\\\\ndtHYcplk0rTTsdjbvZ31AKNTNYn5s+PhGGb0Gc9n8co18K75ol8VPG8lpXjUUCWsb2xcV7wA\\\\\\\\nQuHkOukCQQD7TluL8I4tHXzREIW3OZeLTyRlPEIn5cDdPPEIHrAIu4WJ50zAbkMH7W4HBmWf\\\\\\\\ntafxSgWcRsdMIZn//wZV3goLAkEAoWE6/LgKgowSouIjbRdekw7QPZMvN2LUV0a0GZHpSA2K\\\\\\\\nzzyvOsW1dU9EO+WhCpdfoikuxWiPtN+byAe2sbBG1QJALuKgm8wmim488jhV6ig5iMkcLjL+\\\\\\\\n2Li5sc0D3xLynr51nJPlsuUfZmQ6qd7cqN5YVeEMiOp/lkmSlLs8sFp7nwJAKEkFWKD4vq4I\\\\\\\\n2PBqt4jl6v//q99aIhFhwIe93cQ23+3BgQo9FAbWzXoEJo+kK+itzuVI766ycQyA7uY+DQ1c\\\\\\\\nIQJAER3D4lsY5wnE+01eqk8NfF7TO+u4ezWs/rmNyn3hapskgV0xqn+FanXeVJ5K7B3AzabR\\\\\\\\na4/tLo88gWEfcow6WQ==\\\\\\\\n-----END RSA PRIVATE KEY-----
gitleaks-after.json|-----BEGIN RSA PRIVATE KEY-----\\\\\\\\nMIICWwIBAAKBgQCea7oriNoFgxnY/JgFDpNRlxLMVIapfoMQTCJMWkH9pDYoAq/8GF6q0yTd\\\\\\\\nn5+AS7TGasCjgNGW6miEbBDBaQy8hS8hWqhaRKY6Sy8/11KyAC8y5cs+QW4dFY2JvnXO6UpE\\\\\\\\nFaTtHR7oAtTSZJ9D9i/FN+2wAoO/4193Leoqqw1dJwIDAQABAoGAeqejo5M4Yi4n9AVV2gx3\\\\\\\\n6SLTrhn/jPljllmr8HutPilGuOGjycZAfXguwdyVjKqQ01LRxYW2QGdK9sQIkQa5kXjzTtLa\\\\\\\\ndtHYcplk0rTTsdjbvZ31AKNTNYn5s+PhGGb0Gc9n8co18K75ol8VPG8lpXjUUCWsb2xcV7wA\\\\\\\\nQuHkOukCQQD7TluL8I4tHXzREIW3OZeLTyRlPEIn5cDdPPEIHrAIu4WJ50zAbkMH7W4HBmWf\\\\\\\\ntafxSgWcRsdMIZn//wZV3goLAkEAoWE6/LgKgowSouIjbRdekw7QPZMvN2LUV0a0GZHpSA2K\\\\\\\\nzzyvOsW1dU9EO+WhCpdfoikuxWiPtN+byAe2sbBG1QJALuKgm8wmim488jhV6ig5iMkcLjL+\\\\\\\\n2Li5sc0D3xLynr51nJPlsuUfZmQ6qd7cqN5YVeEMiOp/lkmSlLs8sFp7nwJAKEkFWKD4vq4I\\\\\\\\n2PBqt4jl6v//q99aIhFhwIe93cQ23+3BgQo9FAbWzXoEJo+kK+itzuVI766ycQyA7uY+DQ1c\\\\\\\\nIQJAER3D4lsY5wnE+01eqk8NfF7TO+u4ezWs/rmNyn3hapskgV0xqn+FanXeVJ5K7B3AzabR\\\\\\\\na4/tLo88gWEfcow6WQ==\\\\\\\\n-----END RSA PRIVATE KEY-----
gitleaks-after.json|-----BEGIN RSA PRIVATE KEY-----\\\\\\\\nMIICWwIBAAKBgQCea7oriNoFgxnY/JgFDpNRlxLMVIapfoMQTCJMWkH9pDYoAq/8GF6q0yTd\\\\\\\\nn5+AS7TGasCjgNGW6miEbBDBaQy8hS8hWqhaRKY6Sy8/11KyAC8y5cs+QW4dFY2JvnXO6UpE\\\\\\\\nFaTtHR7oAtTSZJ9D9i/FN+2wAoO/4193Leoqqw1dJwIDAQABAoGAeqejo5M4Yi4n9AVV2gx3\\\\\\\\n6SLTrhn/jPljllmr8HutPilGuOGjycZAfXguwdyVjKqQ01LRxYW2QGdK9sQIkQa5kXjzTtLa\\\\\\\\ndtHYcplk0rTTsdjbvZ31AKNTNYn5s+PhGGb0Gc9n8co18K75ol8VPG8lpXjUUCWsb2xcV7wA\\\\\\\\nQuHkOukCQQD7TluL8I4tHXzREIW3OZeLTyRlPEIn5cDdPPEIHrAIu4WJ50zAbkMH7W4HBmWf\\\\\\\\ntafxSgWcRsdMIZn//wZV3goLAkEAoWE6/LgKgowSouIjbRdekw7QPZMvN2LUV0a0GZHpSA2K\\\\\\\\nzzyvOsW1dU9EO+WhCpdfoikuxWiPtN+byAe2sbBG1QJALuKgm8wmim488jhV6ig5iMkcLjL+\\\\\\\\n2Li5sc0D3xLynr51nJPlsuUfZmQ6qd7cqN5YVeEMiOp/lkmSlLs8sFp7nwJAKEkFWKD4vq4I\\\\\\\\n2PBqt4jl6v//q99aIhFhwIe93cQ23+3BgQo9FAbWzXoEJo+kK+itzuVI766ycQyA7uY+DQ1c\\\\\\\\nIQJAER3D4lsY5wnE+01eqk8NfF7TO+u4ezWs/rmNyn3hapskgV0xqn+FanXeVJ5K7B3AzabR\\\\\\\\na4/tLo88gWEfcow6WQ==\\\\\\\\n-----END RSA PRIVATE KEY-----
gitleaks-after.json|-----BEGIN RSA PRIVATE KEY-----\\\\\\\\nMIICWwIBAAKBgQCea7oriNoFgxnY/JgFDpNRlxLMVIapfoMQTCJMWkH9pDYoAq/8GF6q0yTd\\\\\\\\nn5+AS7TGasCjgNGW6miEbBDBaQy8hS8hWqhaRKY6Sy8/11KyAC8y5cs+QW4dFY2JvnXO6UpE\\\\\\\\nFaTtHR7oAtTSZJ9D9i/FN+2wAoO/4193Leoqqw1dJwIDAQABAoGAeqejo5M4Yi4n9AVV2gx3\\\\\\\\n6SLTrhn/jPljllmr8HutPilGuOGjycZAfXguwdyVjKqQ01LRxYW2QGdK9sQIkQa5kXjzTtLa\\\\\\\\ndtHYcplk0rTTsdjbvZ31AKNTNYn5s+PhGGb0Gc9n8co18K75ol8VPG8lpXjUUCWsb2xcV7wA\\\\\\\\nQuHkOukCQQD7TluL8I4tHXzREIW3OZeLTyRlPEIn5cDdPPEIHrAIu4WJ50zAbkMH7W4HBmWf\\\\\\\\ntafxSgWcRsdMIZn//wZV3goLAkEAoWE6/LgKgowSouIjbRdekw7QPZMvN2LUV0a0GZHpSA2K\\\\\\\\nzzyvOsW1dU9EO+WhCpdfoikuxWiPtN+byAe2sbBG1QJALuKgm8wmim488jhV6ig5iMkcLjL+\\\\\\\\n2Li5sc0D3xLynr51nJPlsuUfZmQ6qd7cqN5YVeEMiOp/lkmSlLs8sFp7nwJAKEkFWKD4vq4I\\\\\\\\n2PBqt4jl6v//q99aIhFhwIe93cQ23+3BgQo9FAbWzXoEJo+kK+itzuVI766ycQyA7uY+DQ1c\\\\\\\\nIQJAER3D4lsY5wnE+01eqk8NfF7TO+u4ezWs/rmNyn3hapskgV0xqn+FanXeVJ5K7B3AzabR\\\\\\\\na4/tLo88gWEfcow6WQ==\\\\\\\\n-----END RSA PRIVATE KEY-----
gitleaks-after.json|-----BEGIN RSA PRIVATE KEY-----\\\\nMB8CAQACAgPBAgMBAAECAgMFAgEfAgEfAgEXAgEXAgEA\\\\n-----END RSA PRIVATE KEY-----
gitleaks-after.json|-----BEGIN RSA PRIVATE KEY-----\\\\nMB8CAQACAgPBAgMBAAECAgMFAgEfAgEfAgEXAgEXAgEA\\\\n-----END RSA PRIVATE KEY-----
gitleaks-after.json|-----BEGIN PRIVATE KEY-----\\nMIIEvQIBADANBgkqhkiG9w0BAQEFAASCBKcwggSjAgEAAoIBAQCYhlD7QVSExM/t\\nqtFuJh5tJVMInFMNdoYVTFC+1uEMJnaNfSgvI1fpBSbhBc9Dirg76RNh1uUbX/fm\\ntpanZ2TULkh4e7MqOI4gIyrsyxT5ouRGYFEdXMGGLBfffwTC8e6ndoKyRq6hF1PO\\nUOgcSAEh5UalRsftfLNpmDJNjIKKkfRoHovyVhwi5QBaD7VjTdDR1ip0CSA1Xn5l\\nMxHc3mLnshAqaLu4aDcyFE8z70IyhwUcRYkYniZG6HlbaTyOL/tDCmVCjt3rvMGh\\nTzAOhxdB5UKzV/9gC4rpKgaK2BSh+e5FT9UMEgXmRQXuxKMuCb5iF5l326LgYwtX\\ntsqrc6ePAgMBAAECggEAQA2kQ6gfePR4R9zFQAdVHsweb07LGCvOynH2tPZjo2kh\\nv3Cwp/8lQ5As0DJS5RAEJ/DNeXi4VYM7hhHm+d2TfAIF4Ec+qjv+/+MU+0WcBOxS\\nBnYbioOyKAkra2oZ006rxXshDwJdAvzbbpkOqRXaF+SEAxPTEVqds/o9IdEg31Uf\\nOS/ZjH2XbtsVOTMbXB21RrgthdjYbcqZzVRD8gClOgo7i6nskZGZRFbmb96qBpCX\\nhkpRLEQJbOhmCHqkGStInjS41PIfzjYu5JjfDaFJQqnOpwWcmhj8SNej1ocEpTcU\\n7xH+M/tyW1v88qFZiPm8St7bSL9HqWz4S/bNBwlyuQKBgQDJgcPPDLCI8woSexAG\\nI4sHxaGGl4mmGlH321HEHNcQft2JWBBpXGqi+F8VsG7wUsGHdRiM6bqseg3b7szr\\niodeyl6WL/4nrQdZP/5RCARgNCIP9scKWGSlPkBh60xKD4+g0p1hL6kCrzB8SXYr\\nNnIlMWcw8uV/D4eYb9qGtY1O1wKBgQDBxYiSyT0eum2yTnIva+CORIRoRpsXK0/y\\nStC/ydYPI7Ozb+rB5ep+b/F7UuQJjY8o+TPKGmxh608Do62sHDAPtR948aNxV1M5\\nmIIoiPciJsc32D2Gv+UVUhpTSO1ncaJ8mumngfdC+CSosDWxTZiGq4JU+ww+5402\\nR34gEVDuCQKBgE2Vgd+pQhsogFtHOI80hiYy6JMaq2vhvGeS8PNyKzf1sLRdzMvU\\nQlaHDI0cRkqPgmX2JsKyhyY7RDTGx+10g9RyVGK9Db0W+LpbUj6+uHiV+ftth4sr\\nJ20b/8vzvYbSYPmJvgCaShd3flKMMkxHBUHeuJ13F/eI8is1/cxaAJM3AoGBAJHq\\nNREL9zmXe5mE1xl8q8mWMPrxCELnO7mhuxZhYA9gfCbIRUij4PQ7SeXrIotLDR32\\nopgzU6Bc+NAtxk9PnqWFZ+DEXaaw8pvxizoJAci22Nflv1ckU9a9T9OdnCCEgq5A\\nXWjlRpQoljptDtGoNA5dQrTJo4wPA9h297QgNgg5AoGAOlKZuC4Fa4RWaltvgLrQ\\n6twylZTGVSm/njtK/FYdTen1wmNG6rDhkBkOMJnQKwgtjQHke9XxOpqLZTePLNs6\\nm+HAlDNOZe7ryiuK7dj04wY2qoO/kCsxO9bR1M8LGRWFIHd4e8ExGWn5Qxk0/9X+\\n8/teeCoaDHNy7R6167uxyX8=\\n-----END PRIVATE KEY-----
gitleaks-after.json|-----BEGIN PRIVATE KEY-----\\nMIIEvQIBADANBgkqhkiG9w0BAQEFAASCBKcwggSjAgEAAoIBAQCYhlD7QVSExM/t\\nqtFuJh5tJVMInFMNdoYVTFC+1uEMJnaNfSgvI1fpBSbhBc9Dirg76RNh1uUbX/fm\\ntpanZ2TULkh4e7MqOI4gIyrsyxT5ouRGYFEdXMGGLBfffwTC8e6ndoKyRq6hF1PO\\nUOgcSAEh5UalRsftfLNpmDJNjIKKkfRoHovyVhwi5QBaD7VjTdDR1ip0CSA1Xn5l\\nMxHc3mLnshAqaLu4aDcyFE8z70IyhwUcRYkYniZG6HlbaTyOL/tDCmVCjt3rvMGh\\nTzAOhxdB5UKzV/9gC4rpKgaK2BSh+e5FT9UMEgXmRQXuxKMuCb5iF5l326LgYwtX\\ntsqrc6ePAgMBAAECggEAQA2kQ6gfePR4R9zFQAdVHsweb07LGCvOynH2tPZjo2kh\\nv3Cwp/8lQ5As0DJS5RAEJ/DNeXi4VYM7hhHm+d2TfAIF4Ec+qjv+/+MU+0WcBOxS\\nBnYbioOyKAkra2oZ006rxXshDwJdAvzbbpkOqRXaF+SEAxPTEVqds/o9IdEg31Uf\\nOS/ZjH2XbtsVOTMbXB21RrgthdjYbcqZzVRD8gClOgo7i6nskZGZRFbmb96qBpCX\\nhkpRLEQJbOhmCHqkGStInjS41PIfzjYu5JjfDaFJQqnOpwWcmhj8SNej1ocEpTcU\\n7xH+M/tyW1v88qFZiPm8St7bSL9HqWz4S/bNBwlyuQKBgQDJgcPPDLCI8woSexAG\\nI4sHxaGGl4mmGlH321HEHNcQft2JWBBpXGqi+F8VsG7wUsGHdRiM6bqseg3b7szr\\niodeyl6WL/4nrQdZP/5RCARgNCIP9scKWGSlPkBh60xKD4+g0p1hL6kCrzB8SXYr\\nNnIlMWcw8uV/D4eYb9qGtY1O1wKBgQDBxYiSyT0eum2yTnIva+CORIRoRpsXK0/y\\nStC/ydYPI7Ozb+rB5ep+b/F7UuQJjY8o+TPKGmxh608Do62sHDAPtR948aNxV1M5\\nmIIoiPciJsc32D2Gv+UVUhpTSO1ncaJ8mumngfdC+CSosDWxTZiGq4JU+ww+5402\\nR34gEVDuCQKBgE2Vgd+pQhsogFtHOI80hiYy6JMaq2vhvGeS8PNyKzf1sLRdzMvU\\nQlaHDI0cRkqPgmX2JsKyhyY7RDTGx+10g9RyVGK9Db0W+LpbUj6+uHiV+ftth4sr\\nJ20b/8vzvYbSYPmJvgCaShd3flKMMkxHBUHeuJ13F/eI8is1/cxaAJM3AoGBAJHq\\nNREL9zmXe5mE1xl8q8mWMPrxCELnO7mhuxZhYA9gfCbIRUij4PQ7SeXrIotLDR32\\nopgzU6Bc+NAtxk9PnqWFZ+DEXaaw8pvxizoJAci22Nflv1ckU9a9T9OdnCCEgq5A\\nXWjlRpQoljptDtGoNA5dQrTJo4wPA9h297QgNgg5AoGAOlKZuC4Fa4RWaltvgLrQ\\n6twylZTGVSm/njtK/FYdTen1wmNG6rDhkBkOMJnQKwgtjQHke9XxOpqLZTePLNs6\\nm+HAlDNOZe7ryiuK7dj04wY2qoO/kCsxO9bR1M8LGRWFIHd4e8ExGWn5Qxk0/9X+\\n8/teeCoaDHNy7R6167uxyX8=\\n-----END PRIVATE KEY-----
gitleaks-after.json|-----BEGIN RSA PRIVATE KEY-----\\\\nMIICWwIBAAKBgQCea7oriNoFgxnY/JgFDpNRlxLMVIapfoMQTCJMWkH9pDYoAq/8GF6q0yTd\\\\nn5+AS7TGasCjgNGW6miEbBDBaQy8hS8hWqhaRKY6Sy8/11KyAC8y5cs+QW4dFY2JvnXO6UpE\\\\nFaTtHR7oAtTSZJ9D9i/FN+2wAoO/4193Leoqqw1dJwIDAQABAoGAeqejo5M4Yi4n9AVV2gx3\\\\n6SLTrhn/jPljllmr8HutPilGuOGjycZAfXguwdyVjKqQ01LRxYW2QGdK9sQIkQa5kXjzTtLa\\\\ndtHYcplk0rTTsdjbvZ31AKNTNYn5s+PhGGb0Gc9n8co18K75ol8VPG8lpXjUUCWsb2xcV7wA\\\\nQuHkOukCQQD7TluL8I4tHXzREIW3OZeLTyRlPEIn5cDdPPEIHrAIu4WJ50zAbkMH7W4HBmWf\\\\ntafxSgWcRsdMIZn//wZV3goLAkEAoWE6/LgKgowSouIjbRdekw7QPZMvN2LUV0a0GZHpSA2K\\\\nzzyvOsW1dU9EO+WhCpdfoikuxWiPtN+byAe2sbBG1QJALuKgm8wmim488jhV6ig5iMkcLjL+\\\\n2Li5sc0D3xLynr51nJPlsuUfZmQ6qd7cqN5YVeEMiOp/lkmSlLs8sFp7nwJAKEkFWKD4vq4I\\\\n2PBqt4jl6v//q99aIhFhwIe93cQ23+3BgQo9FAbWzXoEJo+kK+itzuVI766ycQyA7uY+DQ1c\\\\nIQJAER3D4lsY5wnE+01eqk8NfF7TO+u4ezWs/rmNyn3hapskgV0xqn+FanXeVJ5K7B3AzabR\\\\na4/tLo88gWEfcow6WQ==\\\\n-----END RSA PRIVATE KEY-----
gitleaks-after.json|-----BEGIN RSA PRIVATE KEY-----\\\\nMIICWwIBAAKBgQCea7oriNoFgxnY/JgFDpNRlxLMVIapfoMQTCJMWkH9pDYoAq/8GF6q0yTd\\\\nn5+AS7TGasCjgNGW6miEbBDBaQy8hS8hWqhaRKY6Sy8/11KyAC8y5cs+QW4dFY2JvnXO6UpE\\\\nFaTtHR7oAtTSZJ9D9i/FN+2wAoO/4193Leoqqw1dJwIDAQABAoGAeqejo5M4Yi4n9AVV2gx3\\\\n6SLTrhn/jPljllmr8HutPilGuOGjycZAfXguwdyVjKqQ01LRxYW2QGdK9sQIkQa5kXjzTtLa\\\\ndtHYcplk0rTTsdjbvZ31AKNTNYn5s+PhGGb0Gc9n8co18K75ol8VPG8lpXjUUCWsb2xcV7wA\\\\nQuHkOukCQQD7TluL8I4tHXzREIW3OZeLTyRlPEIn5cDdPPEIHrAIu4WJ50zAbkMH7W4HBmWf\\\\ntafxSgWcRsdMIZn//wZV3goLAkEAoWE6/LgKgowSouIjbRdekw7QPZMvN2LUV0a0GZHpSA2K\\\\nzzyvOsW1dU9EO+WhCpdfoikuxWiPtN+byAe2sbBG1QJALuKgm8wmim488jhV6ig5iMkcLjL+\\\\n2Li5sc0D3xLynr51nJPlsuUfZmQ6qd7cqN5YVeEMiOp/lkmSlLs8sFp7nwJAKEkFWKD4vq4I\\\\n2PBqt4jl6v//q99aIhFhwIe93cQ23+3BgQo9FAbWzXoEJo+kK+itzuVI766ycQyA7uY+DQ1c\\\\nIQJAER3D4lsY5wnE+01eqk8NfF7TO+u4ezWs/rmNyn3hapskgV0xqn+FanXeVJ5K7B3AzabR\\\\na4/tLo88gWEfcow6WQ==\\\\n-----END RSA PRIVATE KEY-----
gitleaks-after.json|-----BEGIN RSA PRIVATE KEY-----\\\\nMIICXAIBAAKBgQCgBS0wzO7CkNCgxHVjCvPap5P4yS+8yF73VM+Wj/OkoEsJlAaT6QAojYsd\\\\nqV55c2fCsbaeBkWVrfygON/m1qINYU4vPuQzBGqJKkQe9o/nfJrDXbdQTIi49C6GgrEU33O1\\\\nwohJ12JJ1U4QyesgA8U/Ocz4vwjKFQQ34Cyh2kF17wIDAQABAoGAfTdvxFcookGVr6frv4Pr\\\\ni/dD+BLecxhMD7hi9ItSeUkhTq5xcz6JbDJOYPiOv/TJhfVwVDnOK7FJFMtMkaL0jMlim2AL\\\\nUDs6NBSd173vOQguuDJMpK6NrtwBFrZp+tjuTthSeBNQZM9TqtHvP0j5tB5KbvIdho9HxR8x\\\\nONfUTZECQQDrmvyFC9ctV8hLzH1aYYBtWqBs8l+mTA3XRHl+kGzmf5PjpD0KuaD5EetB6X2l\\\\nHOFUTimkvVR33L5EYlcqdovJAkEArd85FRgCWj0LFaiBWTcJ6yUywTjgjzjzzoGySSMhfa1+\\\\nMV7b4oQbtePE5mDIrnkthRlOruLzUjGudUQUQnlf9wJAdplYECk7sgmEPBO97icynNmH9A+1\\\\n8mJKfVhsyDcveoAyE99zEtkKnRZWFKHSq7D0BJosAE+GG6g05vuR4UA3cQJAFcHuObaEbNhg\\\\nr7gjX4+knRlNjaJZb3K4B6pxLffIdBqmxPTS3Tic4xj6hb2svzCIwrQVBYt+2VVAOIppYpwf\\\\npwJBALN/o5bBMBID9SBoEw16t0njWDlgfAcDzXPi71q/UqwJQjyZi41FCILMPQPEt0ZypzCX\\\\nJ6/9MoPzKWnewFlXkkw=\\\\n-----END RSA PRIVATE KEY-----
gitleaks-after.json|-----BEGIN RSA PRIVATE KEY-----\\\\nMIICXAIBAAKBgQCgBS0wzO7CkNCgxHVjCvPap5P4yS+8yF73VM+Wj/OkoEsJlAaT6QAojYsd\\\\nqV55c2fCsbaeBkWVrfygON/m1qINYU4vPuQzBGqJKkQe9o/nfJrDXbdQTIi49C6GgrEU33O1\\\\nwohJ12JJ1U4QyesgA8U/Ocz4vwjKFQQ34Cyh2kF17wIDAQABAoGAfTdvxFcookGVr6frv4Pr\\\\ni/dD+BLecxhMD7hi9ItSeUkhTq5xcz6JbDJOYPiOv/TJhfVwVDnOK7FJFMtMkaL0jMlim2AL\\\\nUDs6NBSd173vOQguuDJMpK6NrtwBFrZp+tjuTthSeBNQZM9TqtHvP0j5tB5KbvIdho9HxR8x\\\\nONfUTZECQQDrmvyFC9ctV8hLzH1aYYBtWqBs8l+mTA3XRHl+kGzmf5PjpD0KuaD5EetB6X2l\\\\nHOFUTimkvVR33L5EYlcqdovJAkEArd85FRgCWj0LFaiBWTcJ6yUywTjgjzjzzoGySSMhfa1+\\\\nMV7b4oQbtePE5mDIrnkthRlOruLzUjGudUQUQnlf9wJAdplYECk7sgmEPBO97icynNmH9A+1\\\\n8mJKfVhsyDcveoAyE99zEtkKnRZWFKHSq7D0BJosAE+GG6g05vuR4UA3cQJAFcHuObaEbNhg\\\\nr7gjX4+knRlNjaJZb3K4B6pxLffIdBqmxPTS3Tic4xj6hb2svzCIwrQVBYt+2VVAOIppYpwf\\\\npwJBALN/o5bBMBID9SBoEw16t0njWDlgfAcDzXPi71q/UqwJQjyZi41FCILMPQPEt0ZypzCX\\\\nJ6/9MoPzKWnewFlXkkw=\\\\n-----END RSA PRIVATE KEY-----
gitleaks-after.json|-----BEGIN RSA PRIVATE KEY-----\\\\nMIICXQIBAAKBgQC0AVH6MiGLG6VHugNmT6C03uBQjXrwpm7qZ4+xkcfhT05Vgg0naktT6I5a\\\\nOKmha7rsAY0KvmSQzMY0HEIjkOlGfxz2MK9LMySeZRGRSoY/9S/hdHyv0cOhQNW2W5zK9C1V\\\\nMwbF2RmNjij4cnzJj7qLaIMh4/MZ99ojEHy1IRJvrwIDAQABAoGAfMMtfqygczqGJGDZWmB2\\\\nkuansy1cuM+isPV2syzHzXKaaMnrNBaIf3AAuqfrauaweEPa7kdojLRh7Fxpux0FkZwMFEM+\\\\nNjA0Kf+v8zNU6FOm5WQc35qqPa7L30C2JgK7neOPTDGYqsykSQgjrWluwqy+6sxTV5eMf6in\\\\nDtAYGoECQQDtnwT5CqL7/iyYj0xUi8ZXMFMEW6/6ryjOSOcMu1MO/PTDhV1ioOFmhLtS1M6F\\\\n8BCvfZ+jrX6qZVC8Z7HVGM99AkEAwe176BjWH0lIqJBpAurmUSzz0fQSjbbTBR3ok2Gn6D7k\\\\nF5pjIzb0/ADQZUm4DmlLlnn4IiosDvGUcOZC6xc7mwJAYPw/rlo+DbY/g4ExeWyXZqzNpYC6\\\\nwgnOEOxGibbHft2WFVuQsxnRBeP1BSjgpmBGnyoaB1df1LKHkm6McdqvjQJBAJADqdmh4BmZ\\\\n1aCApctp4CJ2bJcFV2XwWGNbY6VXh1bcpYy1tVuoa2RdwmUFyu7A2UZlS5Urlk5+rwrspNNr\\\\nDHMCQQCLoFIpBGBz2h7Bwa5ksqNkpSuTBz3AiuvogGqwA0iu16U7HEDUlRC6vMYF1RZOj9SR\\\\nitm46XHTX1gMDE5cDo8Z\\\\n-----END RSA PRIVATE KEY-----
gitleaks-after.json|-----BEGIN RSA PRIVATE KEY-----\\\\nMIICXQIBAAKBgQC0AVH6MiGLG6VHugNmT6C03uBQjXrwpm7qZ4+xkcfhT05Vgg0naktT6I5a\\\\nOKmha7rsAY0KvmSQzMY0HEIjkOlGfxz2MK9LMySeZRGRSoY/9S/hdHyv0cOhQNW2W5zK9C1V\\\\nMwbF2RmNjij4cnzJj7qLaIMh4/MZ99ojEHy1IRJvrwIDAQABAoGAfMMtfqygczqGJGDZWmB2\\\\nkuansy1cuM+isPV2syzHzXKaaMnrNBaIf3AAuqfrauaweEPa7kdojLRh7Fxpux0FkZwMFEM+\\\\nNjA0Kf+v8zNU6FOm5WQc35qqPa7L30C2JgK7neOPTDGYqsykSQgjrWluwqy+6sxTV5eMf6in\\\\nDtAYGoECQQDtnwT5CqL7/iyYj0xUi8ZXMFMEW6/6ryjOSOcMu1MO/PTDhV1ioOFmhLtS1M6F\\\\n8BCvfZ+jrX6qZVC8Z7HVGM99AkEAwe176BjWH0lIqJBpAurmUSzz0fQSjbbTBR3ok2Gn6D7k\\\\nF5pjIzb0/ADQZUm4DmlLlnn4IiosDvGUcOZC6xc7mwJAYPw/rlo+DbY/g4ExeWyXZqzNpYC6\\\\nwgnOEOxGibbHft2WFVuQsxnRBeP1BSjgpmBGnyoaB1df1LKHkm6McdqvjQJBAJADqdmh4BmZ\\\\n1aCApctp4CJ2bJcFV2XwWGNbY6VXh1bcpYy1tVuoa2RdwmUFyu7A2UZlS5Urlk5+rwrspNNr\\\\nDHMCQQCLoFIpBGBz2h7Bwa5ksqNkpSuTBz3AiuvogGqwA0iu16U7HEDUlRC6vMYF1RZOj9SR\\\\nitm46XHTX1gMDE5cDo8Z\\\\n-----END RSA PRIVATE KEY-----
gitleaks-after.json|-----BEGIN RSA PRIVATE KEY-----\\\\nMIICXAIBAAKBgQCNhy8te+12Y/3ntT3ZdCGGBYa1fKeKAyY55lehqvaG64sbIVenCpwsp+bM\\\\nq4eLxA5rNnmQrDlsyaipry1NhVJiSaET2+NA5aXxkHXN4ReJ3GWQhmc9YpNVw7nXYYq3acve\\\\n/gFZzG1DaVhHTuX2MVxaTIoxxnn2W/MbqlOIwksbkwIDAQABAoGBAIfjuwrDKTg5vjtSrLY0\\\\naVPTzopHzF4ZtAR4BMA39UmKtCAynYTIDThbZqIyOI2ci/OpdIPSubiY0BdNGgSK9JPypZBv\\\\nTiXM7nqrjc+L3occhqhuF+hJco+sqev6nK1onABa6L7DFSDL9yVR2el3hsfuX2F84ebs/X6x\\\\nOx/8uR/BAkEA5sgJoV4h4XqpxmJzg6LTS6kzyhlwuDsOya7onAdfhADxwBdOhXGP1HQz+AtH\\\\nOWu8QvZtH2zAEzR7MGxynZd64wJBAJz+V3LvuLxOVZKQ75+CD6woKM4a8+LbmLH2dWNwzufU\\\\nR6KXYM0ZKAC/yAX8/3+Gtt2NnhWSnpt1gUtDx/nqS5ECQHkz57LjECIuXMm+3PHuatAavgNP\\\\nFx76jUqo3KtNSAG4yT5cPzXgLWyj1sNXkQF8LnRwnWDaqYmsj2IgIpXXf4cCQHABkhiBaVaH\\\\nuMuhtiQiIdZcrIgneJsAuxc01BmHMUb7D8Szpa+OZBjsuuNy1kKAtVSqJgAUJC6bjgxJppHq\\\\nE9ECQCW0SvxFaEARRN4QKAuGkzNGbj85g6uHVMUFgQpvrHFDzS7o5GV05Ctiz2qQgP5sgGI2\\\\nH1FCR34tMsqdKbJLdmE=\\\\n-----END RSA PRIVATE KEY-----
gitleaks-after.json|-----BEGIN RSA PRIVATE KEY-----\\\\nMIICXAIBAAKBgQCNhy8te+12Y/3ntT3ZdCGGBYa1fKeKAyY55lehqvaG64sbIVenCpwsp+bM\\\\nq4eLxA5rNnmQrDlsyaipry1NhVJiSaET2+NA5aXxkHXN4ReJ3GWQhmc9YpNVw7nXYYq3acve\\\\n/gFZzG1DaVhHTuX2MVxaTIoxxnn2W/MbqlOIwksbkwIDAQABAoGBAIfjuwrDKTg5vjtSrLY0\\\\naVPTzopHzF4ZtAR4BMA39UmKtCAynYTIDThbZqIyOI2ci/OpdIPSubiY0BdNGgSK9JPypZBv\\\\nTiXM7nqrjc+L3occhqhuF+hJco+sqev6nK1onABa6L7DFSDL9yVR2el3hsfuX2F84ebs/X6x\\\\nOx/8uR/BAkEA5sgJoV4h4XqpxmJzg6LTS6kzyhlwuDsOya7onAdfhADxwBdOhXGP1HQz+AtH\\\\nOWu8QvZtH2zAEzR7MGxynZd64wJBAJz+V3LvuLxOVZKQ75+CD6woKM4a8+LbmLH2dWNwzufU\\\\nR6KXYM0ZKAC/yAX8/3+Gtt2NnhWSnpt1gUtDx/nqS5ECQHkz57LjECIuXMm+3PHuatAavgNP\\\\nFx76jUqo3KtNSAG4yT5cPzXgLWyj1sNXkQF8LnRwnWDaqYmsj2IgIpXXf4cCQHABkhiBaVaH\\\\nuMuhtiQiIdZcrIgneJsAuxc01BmHMUb7D8Szpa+OZBjsuuNy1kKAtVSqJgAUJC6bjgxJppHq\\\\nE9ECQCW0SvxFaEARRN4QKAuGkzNGbj85g6uHVMUFgQpvrHFDzS7o5GV05Ctiz2qQgP5sgGI2\\\\nH1FCR34tMsqdKbJLdmE=\\\\n-----END RSA PRIVATE KEY-----
gitleaks-after.json|-----BEGIN RSA PRIVATE KEY-----\\\\nMIICXAIBAAKBgQC6q7KI9QolZg7jIUoCbchiZaBGJ/Y8LmvseBaBpEbUiGDE7WxNL2y1EAud\\\\nOLzJHZ4kP7x2OPbhLXgR5HfGnhzaWQeurjMh5XAi+VOBPoYGc0qbNZ7ZXKGCytZjqt5KerQo\\\\nGLbAD6YwJVmC4dGLF60YpMHtQrfe89/pTpTTB+oBzQIDAQABAoGAekDCj3Gz8GRTsar2lnqh\\\\ntteJzQiU+jsI0XigfM1C2iRrA+3edPpvPnHAuXoUIb70+BaJ7f9GqJinv0garYiVqcXRvpH+\\\\nKR+ZTVr5EygkUV8KkAcVWVW+OEKRSSz26uQFpw7SyvynegHM1vA89Mmp8oXSQNhn1+QR1u+w\\\\nOYjd6l0CQQD4z/xs4ns73tu1zu1+KrV6sDSaUgTeWHxFVMGuhuSx8VtH71fjPvgQCk1MTUTa\\\\nfxA6AZJB9Qa2/vc0ORPIlA5XAkEAwBApYO2fZKVRtjk6P2P/WfqkiBkrY4aDT5ixXdRoRAr1\\\\nG8badiUU02Qp+g3VDc/PuGjpqBuBIKmaAUPXGUMSewJAE/sn61qYyOsRu9z9R4eIgWzLHKV/\\\\njJeQi0TONQTSMtQOH43CAhbZdvhM0tbVs7JGjFH5++AAhQuesIvw4ce6CwJBAIcu2PEQT5BX\\\\njBvmS8kyaRi8AfKJRLDYjLQJlU2lo33A+KSEYl+l2fKwHZuTANKn4ly5+zwHn+uNdIhPZ6aw\\\\nPuECQFmGOpfgTpja1Ha1n0lLSZkwpCU7wFmFplaRQ4XLlXX30VF3ROgEGD0roMeN/AgeZeEw\\\\nHx5VgR/MWDP22H9nQcs=\\\\n-----END RSA PRIVATE KEY-----
gitleaks-after.json|-----BEGIN RSA PRIVATE KEY-----\\\\nMIICXAIBAAKBgQC6q7KI9QolZg7jIUoCbchiZaBGJ/Y8LmvseBaBpEbUiGDE7WxNL2y1EAud\\\\nOLzJHZ4kP7x2OPbhLXgR5HfGnhzaWQeurjMh5XAi+VOBPoYGc0qbNZ7ZXKGCytZjqt5KerQo\\\\nGLbAD6YwJVmC4dGLF60YpMHtQrfe89/pTpTTB+oBzQIDAQABAoGAekDCj3Gz8GRTsar2lnqh\\\\ntteJzQiU+jsI0XigfM1C2iRrA+3edPpvPnHAuXoUIb70+BaJ7f9GqJinv0garYiVqcXRvpH+\\\\nKR+ZTVr5EygkUV8KkAcVWVW+OEKRSSz26uQFpw7SyvynegHM1vA89Mmp8oXSQNhn1+QR1u+w\\\\nOYjd6l0CQQD4z/xs4ns73tu1zu1+KrV6sDSaUgTeWHxFVMGuhuSx8VtH71fjPvgQCk1MTUTa\\\\nfxA6AZJB9Qa2/vc0ORPIlA5XAkEAwBApYO2fZKVRtjk6P2P/WfqkiBkrY4aDT5ixXdRoRAr1\\\\nG8badiUU02Qp+g3VDc/PuGjpqBuBIKmaAUPXGUMSewJAE/sn61qYyOsRu9z9R4eIgWzLHKV/\\\\njJeQi0TONQTSMtQOH43CAhbZdvhM0tbVs7JGjFH5++AAhQuesIvw4ce6CwJBAIcu2PEQT5BX\\\\njBvmS8kyaRi8AfKJRLDYjLQJlU2lo33A+KSEYl+l2fKwHZuTANKn4ly5+zwHn+uNdIhPZ6aw\\\\nPuECQFmGOpfgTpja1Ha1n0lLSZkwpCU7wFmFplaRQ4XLlXX30VF3ROgEGD0roMeN/AgeZeEw\\\\nHx5VgR/MWDP22H9nQcs=\\\\n-----END RSA PRIVATE KEY-----
gitleaks-after.json|-----BEGIN RSA PRIVATE KEY-----\\\\nMIICXQIBAAKBgQDAfZ0qYa5r6riaE2IsDtfFY89zhsAKuEV+JBlCDiJkCF2LkPi8ctVzQkgH\\\\n6zt7vQCdGXjQsu/UDx3BEJ2jTEEyMbquIUimu/mvmlQvn0wLQY60gucwHpqsNs/la6RdtOvH\\\\nlQCYO2fhp94MAyCs+V+QhHwxRDT5VkT3JWhL2DQ3OQIDAQABAoGBAKGNC0nVn4jM/0+4su0d\\\\nK/RrV2GzFxwoGZLLgzNQH4brCm+nJUsr6X8JguC6iTrJnmk7Ro2JkATfBu7RHiw+RHwBEj7P\\\\nF5FBQ6lVUJGd0pGv3kRcVi5oO16aKz703BJYPn9TW+SZUrkmavc3Ae7WGAfnymMQCqonueIf\\\\npPNKXYI9AkEA8Z3lSfjJz05CWNtXtEiTBFdVoLhU8RXq9xcplmn4MpDjIesrGO8lNqoI82qn\\\\nfA4B85HXcn2C0/tEUd5AWArCnwJBAMvzEGPRkTH+5hJsGa07S6iFbTwLqo/SqfE/DlWbeFpb\\\\nV1iXJ9ObmWUM3v7R5Y+bHQLxuCLtDmGdVQtng9mOzycCQBf/M5+mKv0A68wBdPN95cQfnGyL\\\\nAjyzjZOe5E2BFtqG01gyECS407xbJOpwJFRI297CFGDVoGHHaeCrrz5PS0cCQFULRgpZmPIA\\\\nGHAWI57Y2vOqr6IaO0U90x+F67RG4CjNbd7DKRhUCeLZOyOG4vK++5n+sYnez+BketIGmDRg\\\\nGIECQQC8fQ98q9YSqsbd1NX4CvuDupUMQ3mkVRaLvIuR09kc/v07e+44WdBPzWa1n4lQPXa3\\\\nc3OMbyz1/ClLGokh+m2e\\\\n-----END RSA PRIVATE KEY-----
gitleaks-after.json|-----BEGIN RSA PRIVATE KEY-----\\\\nMIICXQIBAAKBgQDAfZ0qYa5r6riaE2IsDtfFY89zhsAKuEV+JBlCDiJkCF2LkPi8ctVzQkgH\\\\n6zt7vQCdGXjQsu/UDx3BEJ2jTEEyMbquIUimu/mvmlQvn0wLQY60gucwHpqsNs/la6RdtOvH\\\\nlQCYO2fhp94MAyCs+V+QhHwxRDT5VkT3JWhL2DQ3OQIDAQABAoGBAKGNC0nVn4jM/0+4su0d\\\\nK/RrV2GzFxwoGZLLgzNQH4brCm+nJUsr6X8JguC6iTrJnmk7Ro2JkATfBu7RHiw+RHwBEj7P\\\\nF5FBQ6lVUJGd0pGv3kRcVi5oO16aKz703BJYPn9TW+SZUrkmavc3Ae7WGAfnymMQCqonueIf\\\\npPNKXYI9AkEA8Z3lSfjJz05CWNtXtEiTBFdVoLhU8RXq9xcplmn4MpDjIesrGO8lNqoI82qn\\\\nfA4B85HXcn2C0/tEUd5AWArCnwJBAMvzEGPRkTH+5hJsGa07S6iFbTwLqo/SqfE/DlWbeFpb\\\\nV1iXJ9ObmWUM3v7R5Y+bHQLxuCLtDmGdVQtng9mOzycCQBf/M5+mKv0A68wBdPN95cQfnGyL\\\\nAjyzjZOe5E2BFtqG01gyECS407xbJOpwJFRI297CFGDVoGHHaeCrrz5PS0cCQFULRgpZmPIA\\\\nGHAWI57Y2vOqr6IaO0U90x+F67RG4CjNbd7DKRhUCeLZOyOG4vK++5n+sYnez+BketIGmDRg\\\\nGIECQQC8fQ98q9YSqsbd1NX4CvuDupUMQ3mkVRaLvIuR09kc/v07e+44WdBPzWa1n4lQPXa3\\\\nc3OMbyz1/ClLGokh+m2e\\\\n-----END RSA PRIVATE KEY-----
gitleaks-after.json|-----BEGIN RSA PRIVATE KEY-----\\\\nMIICWwIBAAKBgQCea7oriNoFgxnY/JgFDpNRlxLMVIapfoMQTCJMWkH9pDYoAq/8GF6q0yTd\\\\nn5+AS7TGasCjgNGW6miEbBDBaQy8hS8hWqhaRKY6Sy8/11KyAC8y5cs+QW4dFY2JvnXO6UpE\\\\nFaTtHR7oAtTSZJ9D9i/FN+2wAoO/4193Leoqqw1dJwIDAQABAoGAeqejo5M4Yi4n9AVV2gx3\\\\n6SLTrhn/jPljllmr8HutPilGuOGjycZAfXguwdyVjKqQ01LRxYW2QGdK9sQIkQa5kXjzTtLa\\\\ndtHYcplk0rTTsdjbvZ31AKNTNYn5s+PhGGb0Gc9n8co18K75ol8VPG8lpXjUUCWsb2xcV7wA\\\\nQuHkOukCQQD7TluL8I4tHXzREIW3OZeLTyRlPEIn5cDdPPEIHrAIu4WJ50zAbkMH7W4HBmWf\\\\ntafxSgWcRsdMIZn//wZV3goLAkEAoWE6/LgKgowSouIjbRdekw7QPZMvN2LUV0a0GZHpSA2K\\\\nzzyvOsW1dU9EO+WhCpdfoikuxWiPtN+byAe2sbBG1QJALuKgm8wmim488jhV6ig5iMkcLjL+\\\\n2Li5sc0D3xLynr51nJPlsuUfZmQ6qd7cqN5YVeEMiOp/lkmSlLs8sFp7nwJAKEkFWKD4vq4I\\\\n2PBqt4jl6v//q99aIhFhwIe93cQ23+3BgQo9FAbWzXoEJo+kK+itzuVI766ycQyA7uY+DQ1c\\\\nIQJAER3D4lsY5wnE+01eqk8NfF7TO+u4ezWs/rmNyn3hapskgV0xqn+FanXeVJ5K7B3AzabR\\\\na4/tLo88gWEfcow6WQ==\\\\n-----END RSA PRIVATE KEY-----
gitleaks-after.json|-----BEGIN RSA PRIVATE KEY-----\\\\nMIICWwIBAAKBgQCea7oriNoFgxnY/JgFDpNRlxLMVIapfoMQTCJMWkH9pDYoAq/8GF6q0yTd\\\\nn5+AS7TGasCjgNGW6miEbBDBaQy8hS8hWqhaRKY6Sy8/11KyAC8y5cs+QW4dFY2JvnXO6UpE\\\\nFaTtHR7oAtTSZJ9D9i/FN+2wAoO/4193Leoqqw1dJwIDAQABAoGAeqejo5M4Yi4n9AVV2gx3\\\\n6SLTrhn/jPljllmr8HutPilGuOGjycZAfXguwdyVjKqQ01LRxYW2QGdK9sQIkQa5kXjzTtLa\\\\ndtHYcplk0rTTsdjbvZ31AKNTNYn5s+PhGGb0Gc9n8co18K75ol8VPG8lpXjUUCWsb2xcV7wA\\\\nQuHkOukCQQD7TluL8I4tHXzREIW3OZeLTyRlPEIn5cDdPPEIHrAIu4WJ50zAbkMH7W4HBmWf\\\\ntafxSgWcRsdMIZn//wZV3goLAkEAoWE6/LgKgowSouIjbRdekw7QPZMvN2LUV0a0GZHpSA2K\\\\nzzyvOsW1dU9EO+WhCpdfoikuxWiPtN+byAe2sbBG1QJALuKgm8wmim488jhV6ig5iMkcLjL+\\\\n2Li5sc0D3xLynr51nJPlsuUfZmQ6qd7cqN5YVeEMiOp/lkmSlLs8sFp7nwJAKEkFWKD4vq4I\\\\n2PBqt4jl6v//q99aIhFhwIe93cQ23+3BgQo9FAbWzXoEJo+kK+itzuVI766ycQyA7uY+DQ1c\\\\nIQJAER3D4lsY5wnE+01eqk8NfF7TO+u4ezWs/rmNyn3hapskgV0xqn+FanXeVJ5K7B3AzabR\\\\na4/tLo88gWEfcow6WQ==\\\\n-----END RSA PRIVATE KEY-----
gitleaks-after.json|p.ey1234567890
gitleaks-after.json|p.ey1234567890
gitleaks-after.json|p.ey1234567890
gitleaks-after.json|abc123dontstealme
gitleaks-after.json|abc123dontstealme
gitleaks-after.json|abc123dontstealme
gitleaks-after.json|abc123dontstealme
gitleaks-after.json|abc123dontstealme
gitleaks-after.json|abc123dontstealme
gitleaks-after.json|abc123dontstealme
gitleaks-after.json|abc123dontstealme
gitleaks-after.json|abc123dontstealme
gitleaks-after.json|abc123dontstealme
gitleaks-after.json|abc123dontstealme
gitleaks-after.json|abc123dontstealme
gitleaks-after.json|abc123dontstealme
gitleaks-after.json|abc123dontstealme
gitleaks-after.json|abc123dontstealme
gitleaks-after.json|abc123dontstealme
gitleaks-after.json|abc123dontstealme
gitleaks-after.json|abc123dontstealme
gitleaks-after.json|abc123dontstealme
gitleaks-after.json|abc123dontstealme
gitleaks-after.json|abc123dontstealme
gitleaks-after.json|abc123dontstealme
gitleaks-after.json|abc123dontstealme
gitleaks-after.json|abc123dontstealme
gitleaks-after.json|abc123dontstealme
gitleaks-after.json|abc123dontstealme
gitleaks-after.json|abc123dontstealme
gitleaks-after.json|abc123dontstealme
gitleaks-after.json|abc123dontstealme
gitleaks-after.json|abc123dontstealme
gitleaks-after.json|abc123dontstealme
gitleaks-after.json|abc123dontstealme
gitleaks-after.json|abc123dontstealme
gitleaks-after.json|abc123dontstealme
gitleaks-after.json|abc123dontstealme
gitleaks-after.json|abc123dontstealme
gitleaks-after.json|abc123dontstealme
gitleaks-after.json|abc123dontstealme
gitleaks-after.json|abc123dontstealme
gitleaks-after.json|abc123dontstealme
gitleaks-after.json|abc123dontstealme
gitleaks-after.json|abc123dontstealme
gitleaks-after.json|abc123dontstealme
gitleaks-after.json|abc123dontstealme
gitleaks-after.json|abc123dontstealme
gitleaks-after.json|abc123dontstealme
gitleaks-after.json|abc123dontstealme
gitleaks-after.json|abc123dontstealme
gitleaks-after.json|abc123dontstealme
gitleaks-after.json|abc123dontstealme
gitleaks-after.json|abc123dontstealme
gitleaks-after.json|abc123dontstealme
gitleaks-after.json|abc123dontstealme
gitleaks-after.json|abc123dontstealme
gitleaks-after.json|abc123dontstealme
gitleaks-after.json|abc123dontstealme
gitleaks-after.json|abc123dontstealme
gitleaks-after.json|abc123dontstealme
gitleaks-after.json|abc123dontstealme
gitleaks-after.json|abc123dontstealme
gitleaks-after.json|abc123dontstealme
gitleaks-after.json|abc123dontstealme
gitleaks-after.json|abc123dontstealme
gitleaks-after.json|abc123dontstealme
gitleaks-after.json|abc123dontstealme
gitleaks-after.json|abc123dontstealme
gitleaks-after.json|abc123dontstealme
gitleaks-after.json|abc123dontstealme
gitleaks-after.json|abc123dontstealme
gitleaks-after.json|abc123dontstealme
gitleaks-after.json|abc123dontstealme
gitleaks-after.json|abc123dontstealme
gitleaks-after.json|abc123dontstealme
gitleaks-after.json|abc123dontstealme
gitleaks-after.json|abc123dontstealme
gitleaks-after.json|abc123dontstealme
gitleaks-after.json|abc123dontstealme
gitleaks-after.json|abc123dontstealme
gitleaks-after.json|abc123dontstealme
gitleaks-after.json|abc123dontstealme
gitleaks-after.json|abc123dontstealme
gitleaks-after.json|abc123dontstealme
gitleaks-after.json|abc123dontstealme
gitleaks-after.json|abc123dontstealme
gitleaks-after.json|abc123dontstealme
gitleaks-after.json|abc123dontstealme
gitleaks-after.json|d5f78639cdbc19a5bd418b23818a2c8c9ae7caa591a47559362efbdd6de10516
gitleaks-after.json|c0047f110b97f86b4312c860914db6d87b1ba6858424b8458bce9a42d805f621
gitleaks-after.json|29dd8a3b2626f952c682fed1714fae345ce36f8b053ee72b21ed6c99c53c0271
gitleaks-after.json|oHUubZQTM66eOWJCFaoi+8dO/eXPG5zwBOW8P5YAuKM=
gitleaks-after.json|oHUubZQTM66eOWJCFaoi+8dO/eXPG5zwBOW8P5YAuKM=
gitleaks-after.json|4446bf1b18c1d500281fcd0298f5be584a96194fa8069f38ece5ca3e1ad1cee6
gitleaks-after.json|9a0520dcecb01a2da92aaae74d09757fdef0cca35cfa848090b2ac8b1803e4de
gitleaks-after.json|b4172b04cfac28589cab04e615f330b39cb19615a3752774662d0d790a7ec6f8
gitleaks-after.json|oHUubZQTM66eOWJCFaoi+8dO/eXPG5zwBOW8P5YAuKM=
gitleaks-after.json|p.ey1234567890
gitleaks-after.json|p.ey1234567890
gitleaks-after.json|abc123dontstealme
gitleaks-after.json|abc123dontstealme
gitleaks-after.json|abc123dontstealme
gitleaks-after.json|abc123dontstealme
gitleaks-after.json|abc123dontstealme
gitleaks-after.json|abc123dontstealme
gitleaks-after.json|abc123dontstealme
gitleaks-after.json|abc123dontstealme
gitleaks-after.json|abc123dontstealme
gitleaks-after.json|abc123dontstealme
gitleaks-after.json|abc123dontstealme
gitleaks-after.json|abc123dontstealme
gitleaks-after.json|abc123dontstealme
gitleaks-after.json|abc123dontstealme
gitleaks-after.json|abc123dontstealme
gitleaks-after.json|abc123dontstealme
gitleaks-after.json|abc123dontstealme
gitleaks-after.json|abc123dontstealme
gitleaks-after.json|abc123dontstealme
gitleaks-after.json|abc123dontstealme
gitleaks-after.json|abc123dontstealme
gitleaks-after.json|abc123dontstealme
gitleaks-after.json|abc123dontstealme
gitleaks-after.json|abc123dontstealme
gitleaks-after.json|abc123dontstealme
gitleaks-after.json|abc123dontstealme
gitleaks-after.json|abc123dontstealme
gitleaks-after.json|abc123dontstealme
gitleaks-after.json|abc123dontstealme
gitleaks-after.json|abc123dontstealme
gitleaks-after.json|abc123dontstealme
gitleaks-after.json|abc123dontstealme
gitleaks-after.json|abc123dontstealme
gitleaks-after.json|abc123dontstealme
gitleaks-after.json|abc123dontstealme
gitleaks-after.json|abc123dontstealme
gitleaks-after.json|abc123dontstealme
gitleaks-after.json|abc123dontstealme
gitleaks-after.json|abc123dontstealme
gitleaks-after.json|abc123dontstealme
gitleaks-after.json|abc123dontstealme
gitleaks-after.json|abc123dontstealme
gitleaks-after.json|abc123dontstealme
gitleaks-after.json|abc123dontstealme
gitleaks-after.json|abc123dontstealme
gitleaks-after.json|abc123dontstealme
gitleaks-after.json|abc123dontstealme
gitleaks-after.json|abc123dontstealme
gitleaks-after.json|abc123dontstealme
gitleaks-after.json|abc123dontstealme
gitleaks-after.json|abc123dontstealme
gitleaks-after.json|abc123dontstealme
gitleaks-after.json|abc123dontstealme
gitleaks-after.json|abc123dontstealme
gitleaks-after.json|abc123dontstealme
gitleaks-after.json|abc123dontstealme
gitleaks-after.json|abc123dontstealme
gitleaks-after.json|abc123dontstealme
gitleaks-after.json|abc123dontstealme
gitleaks-after.json|abc123dontstealme
gitleaks-after.json|abc123dontstealme
gitleaks-after.json|abc123dontstealme
gitleaks-after.json|abc123dontstealme
gitleaks-after.json|abc123dontstealme
gitleaks-after.json|abc123dontstealme
gitleaks-after.json|abc123dontstealme
gitleaks-after.json|abc123dontstealme
gitleaks-after.json|abc123dontstealme
gitleaks-after.json|abc123dontstealme
gitleaks-after.json|abc123dontstealme
gitleaks-after.json|abc123dontstealme
gitleaks-after.json|abc123dontstealme
gitleaks-after.json|abc123dontstealme
gitleaks-after.json|abc123dontstealme
gitleaks-after.json|abc123dontstealme
gitleaks-after.json|abc123dontstealme
gitleaks-after.json|abc123dontstealme
gitleaks-after.json|abc123dontstealme
gitleaks-after.json|oHUubZQTM66eOWJCFaoi+8dO/eXPG5zwBOW8P5YAuKM=
gitleaks-after.json|d5f78639cdbc19a5bd418b23818a2c8c9ae7caa591a47559362efbdd6de10516
gitleaks-after.json|c0047f110b97f86b4312c860914db6d87b1ba6858424b8458bce9a42d805f621
gitleaks-after.json|29dd8a3b2626f952c682fed1714fae345ce36f8b053ee72b21ed6c99c53c0271
gitleaks-after.json|oHUubZQTM66eOWJCFaoi+8dO/eXPG5zwBOW8P5YAuKM=
gitleaks-after.json|4446bf1b18c1d500281fcd0298f5be584a96194fa8069f38ece5ca3e1ad1cee6
gitleaks-after.json|9a0520dcecb01a2da92aaae74d09757fdef0cca35cfa848090b2ac8b1803e4de
gitleaks-after.json|b4172b04cfac28589cab04e615f330b39cb19615a3752774662d0d790a7ec6f8
gitleaks-after.json|oHUubZQTM66eOWJCFaoi+8dO/eXPG5zwBOW8P5YAuKM=
